timestamp,currency,snapshot_file,snapshot_timestamp_ms
2025-12-30T17:31:15.944181+00:00,BTC,deribit_options_snapshot_20251230T173115Z.csv,1767115875944
2025-12-30T17:31:15.944181+00:00,ETH,deribit_options_snapshot_20251230T173115Z.csv,1767115875944
2025-12-30T21:17:51.988211+00:00,BTC,deribit_options_snapshot_20251230T211751Z.csv,1767129471988
2025-12-30T21:17:51.988211+00:00,ETH,deribit_options_snapshot_20251230T211751Z.csv,1767129471988
2025-12-31T09:18:28.589807+00:00,BTC,deribit_options_snapshot_20251231T091828Z.csv,1767172708589
2025-12-31T09:18:28.589807+00:00,ETH,deribit_options_snapshot_20251231T091828Z.csv,1767172708589
2025-12-31T21:18:43.878798+00:00,BTC,deribit_options_snapshot_20251231T211843Z.csv,1767215923878
2025-12-31T21:18:43.878798+00:00,ETH,deribit_options_snapshot_20251231T211843Z.csv,1767215923878
2026-01-01T09:18:35.173006+00:00,BTC,deribit_options_snapshot_20260101T091835Z.csv,1767259115173
2026-01-01T09:18:35.173006+00:00,ETH,deribit_options_snapshot_20260101T091835Z.csv,1767259115173
2026-01-01T21:19:18.567978+00:00,BTC,deribit_options_snapshot_20260101T211918Z.csv,1767302358567
2026-01-01T21:19:18.567978+00:00,ETH,deribit_options_snapshot_20260101T211918Z.csv,1767302358567
2026-01-02T09:18:09.153333+00:00,BTC,deribit_options_snapshot_20260102T091809Z.csv,1767345489153
2026-01-02T09:18:09.153333+00:00,ETH,deribit_options_snapshot_20260102T091809Z.csv,1767345489153
2026-01-02T16:26:24.692316+00:00,BTC,deribit_options_snapshot_20260102T162624Z.csv,1767371184692
2026-01-02T16:26:24.692316+00:00,ETH,deribit_options_snapshot_20260102T162624Z.csv,1767371184692
2026-01-02T21:16:23.492240+00:00,BTC,deribit_options_snapshot_20260102T211623Z.csv,1767388583492
2026-01-02T21:16:23.492240+00:00,ETH,deribit_options_snapshot_20260102T211623Z.csv,1767388583492
2026-01-03T03:48:31.847432+00:00,BTC,deribit_options_snapshot_20260103T034831Z.csv,1767412111847
2026-01-03T03:48:31.847432+00:00,ETH,deribit_options_snapshot_20260103T034831Z.csv,1767412111847
2026-01-03T09:14:26.617222+00:00,BTC,deribit_options_snapshot_20260103T091426Z.csv,1767431666617
2026-01-03T09:14:26.617222+00:00,ETH,deribit_options_snapshot_20260103T091426Z.csv,1767431666617
2026-01-03T15:27:25.683184+00:00,BTC,deribit_options_snapshot_20260103T152725Z.csv,1767454045683
2026-01-03T15:27:25.683184+00:00,ETH,deribit_options_snapshot_20260103T152725Z.csv,1767454045683
2026-01-03T21:18:32.479021+00:00,BTC,deribit_options_snapshot_20260103T211832Z.csv,1767475112479
2026-01-03T21:18:32.479021+00:00,ETH,deribit_options_snapshot_20260103T211832Z.csv,1767475112479
2026-01-04T04:06:22.127106+00:00,BTC,deribit_options_snapshot_20260104T040622Z.csv,1767499582127
2026-01-04T04:06:22.127106+00:00,ETH,deribit_options_snapshot_20260104T040622Z.csv,1767499582127
2026-01-04T09:13:50.098573+00:00,BTC,deribit_options_snapshot_20260104T091350Z.csv,1767518030098
2026-01-04T09:13:50.098573+00:00,ETH,deribit_options_snapshot_20260104T091350Z.csv,1767518030098
2026-01-04T15:27:20.147376+00:00,BTC,deribit_options_snapshot_20260104T152720Z.csv,1767540440147
2026-01-04T15:27:20.147376+00:00,ETH,deribit_options_snapshot_20260104T152720Z.csv,1767540440147
2026-01-04T21:18:46.793423+00:00,BTC,deribit_options_snapshot_20260104T211846Z.csv,1767561526793
2026-01-04T21:18:46.793423+00:00,ETH,deribit_options_snapshot_20260104T211846Z.csv,1767561526793
2026-01-05T04:11:27.551698+00:00,BTC,deribit_options_snapshot_20260105T041127Z.csv,1767586287551
2026-01-05T04:11:27.551698+00:00,ETH,deribit_options_snapshot_20260105T041127Z.csv,1767586287551
2026-01-05T09:25:11.513224+00:00,BTC,deribit_options_snapshot_20260105T092511Z.csv,1767605111513
2026-01-05T09:25:11.513224+00:00,ETH,deribit_options_snapshot_20260105T092511Z.csv,1767605111513
2026-01-05T15:33:29.748387+00:00,BTC,deribit_options_snapshot_20260105T153329Z.csv,1767627209748
2026-01-05T15:33:29.748387+00:00,ETH,deribit_options_snapshot_20260105T153329Z.csv,1767627209748
2026-01-05T21:21:30.249804+00:00,BTC,deribit_options_snapshot_20260105T212130Z.csv,1767648090249
2026-01-05T21:21:30.249804+00:00,ETH,deribit_options_snapshot_20260105T212130Z.csv,1767648090249
2026-01-06T03:56:17.842160+00:00,BTC,deribit_options_snapshot_20260106T035617Z.csv,1767671777842
2026-01-06T03:56:17.842160+00:00,ETH,deribit_options_snapshot_20260106T035617Z.csv,1767671777842
2026-01-06T09:20:20.905105+00:00,BTC,deribit_options_snapshot_20260106T092020Z.csv,1767691220905
2026-01-06T09:20:20.905105+00:00,ETH,deribit_options_snapshot_20260106T092020Z.csv,1767691220905
2026-01-06T15:32:40.562166+00:00,BTC,deribit_options_snapshot_20260106T153240Z.csv,1767713560562
2026-01-06T15:32:40.562166+00:00,ETH,deribit_options_snapshot_20260106T153240Z.csv,1767713560562
2026-01-06T21:21:21.170927+00:00,BTC,deribit_options_snapshot_20260106T212121Z.csv,1767734481170
2026-01-06T21:21:21.170927+00:00,ETH,deribit_options_snapshot_20260106T212121Z.csv,1767734481170
2026-01-07T03:56:38.718681+00:00,BTC,deribit_options_snapshot_20260107T035638Z.csv,1767758198718
2026-01-07T03:56:38.718681+00:00,ETH,deribit_options_snapshot_20260107T035638Z.csv,1767758198718
2026-01-07T09:21:55.572527+00:00,BTC,deribit_options_snapshot_20260107T092155Z.csv,1767777715572
2026-01-07T09:21:55.572527+00:00,ETH,deribit_options_snapshot_20260107T092155Z.csv,1767777715572
2026-01-07T15:34:52.634871+00:00,BTC,deribit_options_snapshot_20260107T153452Z.csv,1767800092634
2026-01-07T15:34:52.634871+00:00,ETH,deribit_options_snapshot_20260107T153452Z.csv,1767800092634
2026-01-07T21:20:23.488845+00:00,BTC,deribit_options_snapshot_20260107T212023Z.csv,1767820823488
2026-01-07T21:20:23.488845+00:00,ETH,deribit_options_snapshot_20260107T212023Z.csv,1767820823488
2026-01-08T03:56:28.753797+00:00,BTC,deribit_options_snapshot_20260108T035628Z.csv,1767844588753
2026-01-08T03:56:28.753797+00:00,ETH,deribit_options_snapshot_20260108T035628Z.csv,1767844588753
2026-01-08T09:21:48.138686+00:00,BTC,deribit_options_snapshot_20260108T092148Z.csv,1767864108138
2026-01-08T09:21:48.138686+00:00,ETH,deribit_options_snapshot_20260108T092148Z.csv,1767864108138
2026-01-08T15:35:11.934318+00:00,BTC,deribit_options_snapshot_20260108T153511Z.csv,1767886511934
2026-01-08T15:35:11.934318+00:00,ETH,deribit_options_snapshot_20260108T153511Z.csv,1767886511934
2026-01-08T21:21:25.709377+00:00,BTC,deribit_options_snapshot_20260108T212125Z.csv,1767907285709
2026-01-08T21:21:25.709377+00:00,ETH,deribit_options_snapshot_20260108T212125Z.csv,1767907285709
2026-01-09T03:56:40.927177+00:00,BTC,deribit_options_snapshot_20260109T035640Z.csv,1767931000927
2026-01-09T03:56:40.927177+00:00,ETH,deribit_options_snapshot_20260109T035640Z.csv,1767931000927
2026-01-09T09:21:26.751399+00:00,BTC,deribit_options_snapshot_20260109T092126Z.csv,1767950486751
2026-01-09T09:21:26.751399+00:00,ETH,deribit_options_snapshot_20260109T092126Z.csv,1767950486751
2026-01-09T15:33:26.316956+00:00,BTC,deribit_options_snapshot_20260109T153326Z.csv,1767972806316
2026-01-09T15:33:26.316956+00:00,ETH,deribit_options_snapshot_20260109T153326Z.csv,1767972806316
2026-01-09T21:20:42.984901+00:00,BTC,deribit_options_snapshot_20260109T212042Z.csv,1767993642984
2026-01-09T21:20:42.984901+00:00,ETH,deribit_options_snapshot_20260109T212042Z.csv,1767993642984
2026-01-10T03:50:15.756596+00:00,BTC,deribit_options_snapshot_20260110T035015Z.csv,1768017015756
2026-01-10T03:50:15.756596+00:00,ETH,deribit_options_snapshot_20260110T035015Z.csv,1768017015756
2026-01-10T09:14:09.905825+00:00,BTC,deribit_options_snapshot_20260110T091409Z.csv,1768036449905
2026-01-10T09:14:09.905825+00:00,ETH,deribit_options_snapshot_20260110T091409Z.csv,1768036449905
2026-01-10T15:27:53.224984+00:00,BTC,deribit_options_snapshot_20260110T152753Z.csv,1768058873224
2026-01-10T15:27:53.224984+00:00,ETH,deribit_options_snapshot_20260110T152753Z.csv,1768058873224
2026-01-10T21:18:32.113246+00:00,BTC,deribit_options_snapshot_20260110T211832Z.csv,1768079912113
2026-01-10T21:18:32.113246+00:00,ETH,deribit_options_snapshot_20260110T211832Z.csv,1768079912113
2026-01-11T04:05:17.264666+00:00,BTC,deribit_options_snapshot_20260111T040517Z.csv,1768104317264
2026-01-11T04:05:17.264666+00:00,ETH,deribit_options_snapshot_20260111T040517Z.csv,1768104317264
2026-01-11T09:14:34.403526+00:00,BTC,deribit_options_snapshot_20260111T091434Z.csv,1768122874403
2026-01-11T09:14:34.403526+00:00,ETH,deribit_options_snapshot_20260111T091434Z.csv,1768122874403
2026-01-11T15:28:11.123413+00:00,BTC,deribit_options_snapshot_20260111T152811Z.csv,1768145291123
2026-01-11T15:28:11.123413+00:00,ETH,deribit_options_snapshot_20260111T152811Z.csv,1768145291123
2026-01-11T21:18:57.100741+00:00,BTC,deribit_options_snapshot_20260111T211857Z.csv,1768166337100
2026-01-11T21:18:57.100741+00:00,ETH,deribit_options_snapshot_20260111T211857Z.csv,1768166337100
2026-01-12T04:05:34.555796+00:00,BTC,deribit_options_snapshot_20260112T040534Z.csv,1768190734555
2026-01-12T04:05:34.555796+00:00,ETH,deribit_options_snapshot_20260112T040534Z.csv,1768190734555
2026-01-12T09:25:30.432384+00:00,BTC,deribit_options_snapshot_20260112T092530Z.csv,1768209930432
2026-01-12T09:25:30.432384+00:00,ETH,deribit_options_snapshot_20260112T092530Z.csv,1768209930432
2026-01-12T15:35:07.550376+00:00,BTC,deribit_options_snapshot_20260112T153507Z.csv,1768232107550
2026-01-12T15:35:07.550376+00:00,ETH,deribit_options_snapshot_20260112T153507Z.csv,1768232107550
2026-01-12T21:21:32.715464+00:00,BTC,deribit_options_snapshot_20260112T212132Z.csv,1768252892715
2026-01-12T21:21:32.715464+00:00,ETH,deribit_options_snapshot_20260112T212132Z.csv,1768252892715
2026-01-13T03:56:33.016331+00:00,BTC,deribit_options_snapshot_20260113T035633Z.csv,1768276593016
2026-01-13T03:56:33.016331+00:00,ETH,deribit_options_snapshot_20260113T035633Z.csv,1768276593016
2026-01-13T09:21:45.558926+00:00,BTC,deribit_options_snapshot_20260113T092145Z.csv,1768296105558
2026-01-13T09:21:45.558926+00:00,ETH,deribit_options_snapshot_20260113T092145Z.csv,1768296105558
2026-01-13T15:35:37.348240+00:00,BTC,deribit_options_snapshot_20260113T153537Z.csv,1768318537348
2026-01-13T15:35:37.348240+00:00,ETH,deribit_options_snapshot_20260113T153537Z.csv,1768318537348
2026-01-13T21:21:35.366491+00:00,BTC,deribit_options_snapshot_20260113T212135Z.csv,1768339295366
2026-01-13T21:21:35.366491+00:00,ETH,deribit_options_snapshot_20260113T212135Z.csv,1768339295366
2026-01-14T04:03:25.762731+00:00,BTC,deribit_options_snapshot_20260114T040325Z.csv,1768363405762
2026-01-14T04:03:25.762731+00:00,ETH,deribit_options_snapshot_20260114T040325Z.csv,1768363405762
2026-01-14T09:22:33.211391+00:00,BTC,deribit_options_snapshot_20260114T092233Z.csv,1768382553211
2026-01-14T09:22:33.211391+00:00,ETH,deribit_options_snapshot_20260114T092233Z.csv,1768382553211
2026-01-14T15:34:05.802647+00:00,BTC,deribit_options_snapshot_20260114T153405Z.csv,1768404845802
2026-01-14T15:34:05.802647+00:00,ETH,deribit_options_snapshot_20260114T153405Z.csv,1768404845802
2026-01-14T21:22:07.934449+00:00,BTC,deribit_options_snapshot_20260114T212207Z.csv,1768425727934
2026-01-14T21:22:07.934449+00:00,ETH,deribit_options_snapshot_20260114T212207Z.csv,1768425727934
2026-01-15T03:58:50.660247+00:00,BTC,deribit_options_snapshot_20260115T035850Z.csv,1768449530660
2026-01-15T03:58:50.660247+00:00,ETH,deribit_options_snapshot_20260115T035850Z.csv,1768449530660
2026-01-15T09:21:30.027641+00:00,BTC,deribit_options_snapshot_20260115T092130Z.csv,1768468890027
2026-01-15T09:21:30.027641+00:00,ETH,deribit_options_snapshot_20260115T092130Z.csv,1768468890027
2026-01-15T15:34:52.226709+00:00,BTC,deribit_options_snapshot_20260115T153452Z.csv,1768491292226
2026-01-15T15:34:52.226709+00:00,ETH,deribit_options_snapshot_20260115T153452Z.csv,1768491292226
2026-01-15T21:21:56.012012+00:00,BTC,deribit_options_snapshot_20260115T212156Z.csv,1768512116012
2026-01-15T21:21:56.012012+00:00,ETH,deribit_options_snapshot_20260115T212156Z.csv,1768512116012
2026-01-16T03:56:55.936591+00:00,BTC,deribit_options_snapshot_20260116T035655Z.csv,1768535815936
2026-01-16T03:56:55.936591+00:00,ETH,deribit_options_snapshot_20260116T035655Z.csv,1768535815936
2026-01-16T09:20:00.431937+00:00,BTC,deribit_options_snapshot_20260116T092000Z.csv,1768555200431
2026-01-16T09:20:00.431937+00:00,ETH,deribit_options_snapshot_20260116T092000Z.csv,1768555200431
2026-01-16T15:33:25.829656+00:00,BTC,deribit_options_snapshot_20260116T153325Z.csv,1768577605829
2026-01-16T15:33:25.829656+00:00,ETH,deribit_options_snapshot_20260116T153325Z.csv,1768577605829
2026-01-16T21:21:18.061649+00:00,BTC,deribit_options_snapshot_20260116T212118Z.csv,1768598478061
2026-01-16T21:21:18.061649+00:00,ETH,deribit_options_snapshot_20260116T212118Z.csv,1768598478061
2026-01-17T03:48:52.149432+00:00,BTC,deribit_options_snapshot_20260117T034852Z.csv,1768621732149
2026-01-17T03:48:52.149432+00:00,ETH,deribit_options_snapshot_20260117T034852Z.csv,1768621732149
2026-01-17T09:14:01.962297+00:00,BTC,deribit_options_snapshot_20260117T091401Z.csv,1768641241962
2026-01-17T09:14:01.962297+00:00,ETH,deribit_options_snapshot_20260117T091401Z.csv,1768641241962
2026-01-17T15:27:56.264815+00:00,BTC,deribit_options_snapshot_20260117T152756Z.csv,1768663676264
2026-01-17T15:27:56.264815+00:00,ETH,deribit_options_snapshot_20260117T152756Z.csv,1768663676264
2026-01-17T21:18:17.772314+00:00,BTC,deribit_options_snapshot_20260117T211817Z.csv,1768684697772
2026-01-17T21:18:17.772314+00:00,ETH,deribit_options_snapshot_20260117T211817Z.csv,1768684697772
2026-01-18T04:00:51.322128+00:00,BTC,deribit_options_snapshot_20260118T040051Z.csv,1768708851322
2026-01-18T04:00:51.322128+00:00,ETH,deribit_options_snapshot_20260118T040051Z.csv,1768708851322
2026-01-18T09:14:30.776440+00:00,BTC,deribit_options_snapshot_20260118T091430Z.csv,1768727670776
2026-01-18T09:14:30.776440+00:00,ETH,deribit_options_snapshot_20260118T091430Z.csv,1768727670776
2026-01-18T15:27:35.198854+00:00,BTC,deribit_options_snapshot_20260118T152735Z.csv,1768750055198
2026-01-18T15:27:35.198854+00:00,ETH,deribit_options_snapshot_20260118T152735Z.csv,1768750055198
2026-01-18T21:18:47.695211+00:00,BTC,deribit_options_snapshot_20260118T211847Z.csv,1768771127695
2026-01-18T21:18:47.695211+00:00,ETH,deribit_options_snapshot_20260118T211847Z.csv,1768771127695
2026-01-19T04:06:41.091699+00:00,BTC,deribit_options_snapshot_20260119T040641Z.csv,1768795601091
2026-01-19T04:06:41.091699+00:00,ETH,deribit_options_snapshot_20260119T040641Z.csv,1768795601091
2026-01-19T09:27:43.780460+00:00,BTC,deribit_options_snapshot_20260119T092743Z.csv,1768814863780
2026-01-19T09:27:43.780460+00:00,ETH,deribit_options_snapshot_20260119T092743Z.csv,1768814863780
2026-01-19T15:35:42.245845+00:00,BTC,deribit_options_snapshot_20260119T153542Z.csv,1768836942245
2026-01-19T15:35:42.245845+00:00,ETH,deribit_options_snapshot_20260119T153542Z.csv,1768836942245
2026-01-19T21:20:24.441332+00:00,BTC,deribit_options_snapshot_20260119T212024Z.csv,1768857624441
2026-01-19T21:20:24.441332+00:00,ETH,deribit_options_snapshot_20260119T212024Z.csv,1768857624441
2026-01-20T04:00:44.432539+00:00,BTC,deribit_options_snapshot_20260120T040044Z.csv,1768881644432
2026-01-20T04:00:44.432539+00:00,ETH,deribit_options_snapshot_20260120T040044Z.csv,1768881644432
2026-01-20T09:27:08.071759+00:00,BTC,deribit_options_snapshot_20260120T092708Z.csv,1768901228071
2026-01-20T09:27:08.071759+00:00,ETH,deribit_options_snapshot_20260120T092708Z.csv,1768901228071
2026-01-20T15:39:50.994714+00:00,BTC,deribit_options_snapshot_20260120T153950Z.csv,1768923590994
2026-01-20T15:39:50.994714+00:00,ETH,deribit_options_snapshot_20260120T153950Z.csv,1768923590994
2026-01-20T21:21:18.928040+00:00,BTC,deribit_options_snapshot_20260120T212118Z.csv,1768944078928
2026-01-20T21:21:18.928040+00:00,ETH,deribit_options_snapshot_20260120T212118Z.csv,1768944078928
2026-01-21T04:00:04.233411+00:00,BTC,deribit_options_snapshot_20260121T040004Z.csv,1768968004233
2026-01-21T04:00:04.233411+00:00,ETH,deribit_options_snapshot_20260121T040004Z.csv,1768968004233
2026-01-21T09:25:59.225783+00:00,BTC,deribit_options_snapshot_20260121T092559Z.csv,1768987559225
2026-01-21T09:25:59.225783+00:00,ETH,deribit_options_snapshot_20260121T092559Z.csv,1768987559225
2026-01-21T15:41:19.552994+00:00,BTC,deribit_options_snapshot_20260121T154119Z.csv,1769010079552
2026-01-21T15:41:19.552994+00:00,ETH,deribit_options_snapshot_20260121T154119Z.csv,1769010079552
2026-01-21T21:28:27.113444+00:00,BTC,deribit_options_snapshot_20260121T212827Z.csv,1769030907113
2026-01-21T21:28:27.113444+00:00,ETH,deribit_options_snapshot_20260121T212827Z.csv,1769030907113
2026-01-22T04:04:05.787910+00:00,BTC,deribit_options_snapshot_20260122T040405Z.csv,1769054645787
2026-01-22T04:04:05.787910+00:00,ETH,deribit_options_snapshot_20260122T040405Z.csv,1769054645787
2026-01-22T09:26:42.438495+00:00,BTC,deribit_options_snapshot_20260122T092642Z.csv,1769074002438
2026-01-22T09:26:42.438495+00:00,ETH,deribit_options_snapshot_20260122T092642Z.csv,1769074002438
2026-01-22T15:39:44.621350+00:00,BTC,deribit_options_snapshot_20260122T153944Z.csv,1769096384621
2026-01-22T15:39:44.621350+00:00,ETH,deribit_options_snapshot_20260122T153944Z.csv,1769096384621
2026-01-22T21:23:34.346526+00:00,BTC,deribit_options_snapshot_20260122T212334Z.csv,1769117014346
2026-01-22T21:23:34.346526+00:00,ETH,deribit_options_snapshot_20260122T212334Z.csv,1769117014346
2026-01-23T03:59:07.231819+00:00,BTC,deribit_options_snapshot_20260123T035907Z.csv,1769140747231
2026-01-23T03:59:07.231819+00:00,ETH,deribit_options_snapshot_20260123T035907Z.csv,1769140747231
2026-01-23T09:23:19.721198+00:00,BTC,deribit_options_snapshot_20260123T092319Z.csv,1769160199721
2026-01-23T09:23:19.721198+00:00,ETH,deribit_options_snapshot_20260123T092319Z.csv,1769160199721
2026-01-23T15:35:25.921157+00:00,BTC,deribit_options_snapshot_20260123T153525Z.csv,1769182525921
2026-01-23T15:35:25.921157+00:00,ETH,deribit_options_snapshot_20260123T153525Z.csv,1769182525921
2026-01-23T21:21:30.860349+00:00,BTC,deribit_options_snapshot_20260123T212130Z.csv,1769203290860
2026-01-23T21:21:30.860349+00:00,ETH,deribit_options_snapshot_20260123T212130Z.csv,1769203290860
2026-01-24T03:53:41.907912+00:00,BTC,deribit_options_snapshot_20260124T035341Z.csv,1769226821907
2026-01-24T03:53:41.907912+00:00,ETH,deribit_options_snapshot_20260124T035341Z.csv,1769226821907
2026-01-24T09:14:23.650489+00:00,BTC,deribit_options_snapshot_20260124T091423Z.csv,1769246063650
2026-01-24T09:14:23.650489+00:00,ETH,deribit_options_snapshot_20260124T091423Z.csv,1769246063650
2026-01-24T15:28:27.420528+00:00,BTC,deribit_options_snapshot_20260124T152827Z.csv,1769268507420
2026-01-24T15:28:27.420528+00:00,ETH,deribit_options_snapshot_20260124T152827Z.csv,1769268507420
2026-01-24T21:18:21.044844+00:00,BTC,deribit_options_snapshot_20260124T211821Z.csv,1769289501044
2026-01-24T21:18:21.044844+00:00,ETH,deribit_options_snapshot_20260124T211821Z.csv,1769289501044
2026-01-25T04:09:12.392721+00:00,BTC,deribit_options_snapshot_20260125T040912Z.csv,1769314152392
2026-01-25T04:09:12.392721+00:00,ETH,deribit_options_snapshot_20260125T040912Z.csv,1769314152392
2026-01-25T09:15:16.612099+00:00,BTC,deribit_options_snapshot_20260125T091516Z.csv,1769332516612
2026-01-25T09:15:16.612099+00:00,ETH,deribit_options_snapshot_20260125T091516Z.csv,1769332516612
2026-01-25T15:29:00.301081+00:00,BTC,deribit_options_snapshot_20260125T152900Z.csv,1769354940301
2026-01-25T15:29:00.301081+00:00,ETH,deribit_options_snapshot_20260125T152900Z.csv,1769354940301
2026-01-25T21:19:33.016038+00:00,BTC,deribit_options_snapshot_20260125T211933Z.csv,1769375973016
2026-01-25T21:19:33.016038+00:00,ETH,deribit_options_snapshot_20260125T211933Z.csv,1769375973016
2026-01-26T04:11:38.951660+00:00,BTC,deribit_options_snapshot_20260126T041138Z.csv,1769400698951
2026-01-26T04:11:38.951660+00:00,ETH,deribit_options_snapshot_20260126T041138Z.csv,1769400698951
2026-01-26T09:27:55.471393+00:00,BTC,deribit_options_snapshot_20260126T092755Z.csv,1769419675471
2026-01-26T09:27:55.471393+00:00,ETH,deribit_options_snapshot_20260126T092755Z.csv,1769419675471
2026-01-26T15:37:46.290558+00:00,BTC,deribit_options_snapshot_20260126T153746Z.csv,1769441866290
2026-01-26T15:37:46.290558+00:00,ETH,deribit_options_snapshot_20260126T153746Z.csv,1769441866290
2026-01-26T21:24:49.084196+00:00,BTC,deribit_options_snapshot_20260126T212449Z.csv,1769462689084
2026-01-26T21:24:49.084196+00:00,ETH,deribit_options_snapshot_20260126T212449Z.csv,1769462689084
2026-01-27T04:02:34.102729+00:00,BTC,deribit_options_snapshot_20260127T040234Z.csv,1769486554102
2026-01-27T04:02:34.102729+00:00,ETH,deribit_options_snapshot_20260127T040234Z.csv,1769486554102
2026-01-27T09:26:15.902573+00:00,BTC,deribit_options_snapshot_20260127T092615Z.csv,1769505975902
2026-01-27T09:26:15.902573+00:00,ETH,deribit_options_snapshot_20260127T092615Z.csv,1769505975902
2026-01-27T15:38:03.655560+00:00,BTC,deribit_options_snapshot_20260127T153803Z.csv,1769528283655
2026-01-27T15:38:03.655560+00:00,ETH,deribit_options_snapshot_20260127T153803Z.csv,1769528283655
2026-01-27T21:18:42.560252+00:00,BTC,deribit_options_snapshot_20260127T211842Z.csv,1769548722560
2026-01-27T21:18:42.560252+00:00,ETH,deribit_options_snapshot_20260127T211842Z.csv,1769548722560
2026-01-28T04:00:47.979950+00:00,BTC,deribit_options_snapshot_20260128T040047Z.csv,1769572847979
2026-01-28T04:00:47.979950+00:00,ETH,deribit_options_snapshot_20260128T040047Z.csv,1769572847979
2026-01-28T09:27:52.899983+00:00,BTC,deribit_options_snapshot_20260128T092752Z.csv,1769592472899
2026-01-28T09:27:52.899983+00:00,ETH,deribit_options_snapshot_20260128T092752Z.csv,1769592472899
2026-01-28T15:41:50.466669+00:00,BTC,deribit_options_snapshot_20260128T154150Z.csv,1769614910466
2026-01-28T15:41:50.466669+00:00,ETH,deribit_options_snapshot_20260128T154150Z.csv,1769614910466
2026-01-28T21:29:43.953211+00:00,BTC,deribit_options_snapshot_20260128T212943Z.csv,1769635783953
2026-01-28T21:29:43.953211+00:00,ETH,deribit_options_snapshot_20260128T212943Z.csv,1769635783953
2026-01-29T04:22:27.228973+00:00,BTC,deribit_options_snapshot_20260129T042227Z.csv,1769660547228
2026-01-29T04:22:27.228973+00:00,ETH,deribit_options_snapshot_20260129T042227Z.csv,1769660547228
2026-01-29T09:34:52.091609+00:00,BTC,deribit_options_snapshot_20260129T093452Z.csv,1769679292091
2026-01-29T09:34:52.091609+00:00,ETH,deribit_options_snapshot_20260129T093452Z.csv,1769679292091
2026-01-29T15:45:42.315004+00:00,BTC,deribit_options_snapshot_20260129T154542Z.csv,1769701542315
2026-01-29T15:45:42.315004+00:00,ETH,deribit_options_snapshot_20260129T154542Z.csv,1769701542315
2026-01-29T21:27:44.495072+00:00,BTC,deribit_options_snapshot_20260129T212744Z.csv,1769722064495
2026-01-29T21:27:44.495072+00:00,ETH,deribit_options_snapshot_20260129T212744Z.csv,1769722064495
2026-01-30T04:25:15.531747+00:00,BTC,deribit_options_snapshot_20260130T042515Z.csv,1769747115531
2026-01-30T04:25:15.531747+00:00,ETH,deribit_options_snapshot_20260130T042515Z.csv,1769747115531
2026-01-30T09:31:22.332455+00:00,BTC,deribit_options_snapshot_20260130T093122Z.csv,1769765482332
2026-01-30T09:31:22.332455+00:00,ETH,deribit_options_snapshot_20260130T093122Z.csv,1769765482332
2026-01-30T15:45:06.225856+00:00,BTC,deribit_options_snapshot_20260130T154506Z.csv,1769787906225
2026-01-30T15:45:06.225856+00:00,ETH,deribit_options_snapshot_20260130T154506Z.csv,1769787906225
2026-01-30T21:28:31.736782+00:00,BTC,deribit_options_snapshot_20260130T212831Z.csv,1769808511736
2026-01-30T21:28:31.736782+00:00,ETH,deribit_options_snapshot_20260130T212831Z.csv,1769808511736
2026-01-31T04:20:50.155225+00:00,BTC,deribit_options_snapshot_20260131T042050Z.csv,1769833250155
2026-01-31T04:20:50.155225+00:00,ETH,deribit_options_snapshot_20260131T042050Z.csv,1769833250155
2026-01-31T09:21:02.043404+00:00,BTC,deribit_options_snapshot_20260131T092102Z.csv,1769851262043
2026-01-31T09:21:02.043404+00:00,ETH,deribit_options_snapshot_20260131T092102Z.csv,1769851262043
2026-01-31T15:33:00.287078+00:00,BTC,deribit_options_snapshot_20260131T153300Z.csv,1769873580287
2026-01-31T15:33:00.287078+00:00,ETH,deribit_options_snapshot_20260131T153300Z.csv,1769873580287
2026-01-31T21:21:33.904273+00:00,BTC,deribit_options_snapshot_20260131T212133Z.csv,1769894493904
2026-01-31T21:21:33.904273+00:00,ETH,deribit_options_snapshot_20260131T212133Z.csv,1769894493904
2026-02-01T04:54:02.172460+00:00,BTC,deribit_options_snapshot_20260201T045402Z.csv,1769921642172
2026-02-01T04:54:02.172460+00:00,ETH,deribit_options_snapshot_20260201T045402Z.csv,1769921642172
2026-02-01T09:23:23.513428+00:00,BTC,deribit_options_snapshot_20260201T092323Z.csv,1769937803513
2026-02-01T09:23:23.513428+00:00,ETH,deribit_options_snapshot_20260201T092323Z.csv,1769937803513
2026-02-01T15:33:49.434701+00:00,BTC,deribit_options_snapshot_20260201T153349Z.csv,1769960029434
2026-02-01T15:33:49.434701+00:00,ETH,deribit_options_snapshot_20260201T153349Z.csv,1769960029434
2026-02-01T21:23:30.436067+00:00,BTC,deribit_options_snapshot_20260201T212330Z.csv,1769981010436
2026-02-01T21:23:30.436067+00:00,ETH,deribit_options_snapshot_20260201T212330Z.csv,1769981010436
2026-02-02T04:50:19.002806+00:00,BTC,deribit_options_snapshot_20260202T045019Z.csv,1770007819002
2026-02-02T04:50:19.002806+00:00,ETH,deribit_options_snapshot_20260202T045019Z.csv,1770007819002
2026-02-02T09:39:00.888145+00:00,BTC,deribit_options_snapshot_20260202T093900Z.csv,1770025140888
2026-02-02T09:39:00.888145+00:00,ETH,deribit_options_snapshot_20260202T093900Z.csv,1770025140888
2026-02-02T15:45:14.750072+00:00,BTC,deribit_options_snapshot_20260202T154514Z.csv,1770047114750
2026-02-02T15:45:14.750072+00:00,ETH,deribit_options_snapshot_20260202T154514Z.csv,1770047114750
2026-02-03T04:29:35.033992+00:00,BTC,deribit_options_snapshot_20260203T042935Z.csv,1770092975033
2026-02-03T04:29:35.033992+00:00,ETH,deribit_options_snapshot_20260203T042935Z.csv,1770092975033
2026-02-03T09:33:33.160431+00:00,BTC,deribit_options_snapshot_20260203T093333Z.csv,1770111213160
2026-02-03T09:33:33.160431+00:00,ETH,deribit_options_snapshot_20260203T093333Z.csv,1770111213160
2026-02-03T15:58:26.114141+00:00,BTC,deribit_options_snapshot_20260203T155826Z.csv,1770134306114
2026-02-03T15:58:26.114141+00:00,ETH,deribit_options_snapshot_20260203T155826Z.csv,1770134306114
2026-02-03T21:35:03.434827+00:00,BTC,deribit_options_snapshot_20260203T213503Z.csv,1770154503434
2026-02-03T21:35:03.434827+00:00,ETH,deribit_options_snapshot_20260203T213503Z.csv,1770154503434
2026-02-04T04:24:03.263823+00:00,BTC,deribit_options_snapshot_20260204T042403Z.csv,1770179043263
2026-02-04T04:24:03.263823+00:00,ETH,deribit_options_snapshot_20260204T042403Z.csv,1770179043263
2026-02-04T09:36:20.204828+00:00,BTC,deribit_options_snapshot_20260204T093620Z.csv,1770197780204
2026-02-04T09:36:20.204828+00:00,ETH,deribit_options_snapshot_20260204T093620Z.csv,1770197780204
2026-02-04T15:54:01.944608+00:00,BTC,deribit_options_snapshot_20260204T155401Z.csv,1770220441944
2026-02-04T15:54:01.944608+00:00,ETH,deribit_options_snapshot_20260204T155401Z.csv,1770220441944
2026-02-04T21:33:08.476844+00:00,BTC,deribit_options_snapshot_20260204T213308Z.csv,1770240788476
2026-02-04T21:33:08.476844+00:00,ETH,deribit_options_snapshot_20260204T213308Z.csv,1770240788476
2026-02-05T04:29:52.233617+00:00,BTC,deribit_options_snapshot_20260205T042952Z.csv,1770265792233
2026-02-05T04:29:52.233617+00:00,ETH,deribit_options_snapshot_20260205T042952Z.csv,1770265792233
2026-02-05T09:36:47.412509+00:00,BTC,deribit_options_snapshot_20260205T093647Z.csv,1770284207412
2026-02-05T09:36:47.412509+00:00,ETH,deribit_options_snapshot_20260205T093647Z.csv,1770284207412
2026-02-05T15:51:32.535650+00:00,BTC,deribit_options_snapshot_20260205T155132Z.csv,1770306692535
2026-02-05T15:51:32.535650+00:00,ETH,deribit_options_snapshot_20260205T155132Z.csv,1770306692535
2026-02-05T21:29:37.885165+00:00,BTC,deribit_options_snapshot_20260205T212937Z.csv,1770326977885
2026-02-05T21:29:37.885165+00:00,ETH,deribit_options_snapshot_20260205T212937Z.csv,1770326977885
2026-02-06T04:30:12.553805+00:00,BTC,deribit_options_snapshot_20260206T043012Z.csv,1770352212553
2026-02-06T04:30:12.553805+00:00,ETH,deribit_options_snapshot_20260206T043012Z.csv,1770352212553
2026-02-06T09:35:16.484631+00:00,BTC,deribit_options_snapshot_20260206T093516Z.csv,1770370516484
2026-02-06T09:35:16.484631+00:00,ETH,deribit_options_snapshot_20260206T093516Z.csv,1770370516484
2026-02-06T15:51:21.085343+00:00,BTC,deribit_options_snapshot_20260206T155121Z.csv,1770393081085
2026-02-06T15:51:21.085343+00:00,ETH,deribit_options_snapshot_20260206T155121Z.csv,1770393081085
2026-02-06T21:30:57.623053+00:00,BTC,deribit_options_snapshot_20260206T213057Z.csv,1770413457623
2026-02-06T21:30:57.623053+00:00,ETH,deribit_options_snapshot_20260206T213057Z.csv,1770413457623
2026-02-07T04:23:30.460791+00:00,BTC,deribit_options_snapshot_20260207T042330Z.csv,1770438210460
2026-02-07T04:23:30.460791+00:00,ETH,deribit_options_snapshot_20260207T042330Z.csv,1770438210460
2026-02-07T09:24:19.396512+00:00,BTC,deribit_options_snapshot_20260207T092419Z.csv,1770456259396
2026-02-07T09:24:19.396512+00:00,ETH,deribit_options_snapshot_20260207T092419Z.csv,1770456259396
2026-02-07T15:34:21.826860+00:00,BTC,deribit_options_snapshot_20260207T153421Z.csv,1770478461826
2026-02-07T15:34:21.826860+00:00,ETH,deribit_options_snapshot_20260207T153421Z.csv,1770478461826
2026-02-07T21:26:12.933756+00:00,BTC,deribit_options_snapshot_20260207T212612Z.csv,1770499572933
2026-02-07T21:26:12.933756+00:00,ETH,deribit_options_snapshot_20260207T212612Z.csv,1770499572933
2026-02-08T04:55:03.182861+00:00,BTC,deribit_options_snapshot_20260208T045503Z.csv,1770526503182
2026-02-08T04:55:03.182861+00:00,ETH,deribit_options_snapshot_20260208T045503Z.csv,1770526503182
2026-02-08T09:23:30.229064+00:00,BTC,deribit_options_snapshot_20260208T092330Z.csv,1770542610229
2026-02-08T09:23:30.229064+00:00,ETH,deribit_options_snapshot_20260208T092330Z.csv,1770542610229
2026-02-08T15:34:49.057052+00:00,BTC,deribit_options_snapshot_20260208T153449Z.csv,1770564889057
2026-02-08T15:34:49.057052+00:00,ETH,deribit_options_snapshot_20260208T153449Z.csv,1770564889057
2026-02-08T21:27:30.388101+00:00,BTC,deribit_options_snapshot_20260208T212730Z.csv,1770586050388
2026-02-08T21:27:30.388101+00:00,ETH,deribit_options_snapshot_20260208T212730Z.csv,1770586050388
2026-02-09T04:52:50.189462+00:00,BTC,deribit_options_snapshot_20260209T045250Z.csv,1770612770189
2026-02-09T04:52:50.189462+00:00,ETH,deribit_options_snapshot_20260209T045250Z.csv,1770612770189
2026-02-09T09:55:17.493183+00:00,BTC,deribit_options_snapshot_20260209T095517Z.csv,1770630917493
2026-02-09T09:55:17.493183+00:00,ETH,deribit_options_snapshot_20260209T095517Z.csv,1770630917493
2026-02-09T16:03:47.351082+00:00,BTC,deribit_options_snapshot_20260209T160347Z.csv,1770653027351
2026-02-09T16:03:47.351082+00:00,ETH,deribit_options_snapshot_20260209T160347Z.csv,1770653027351
2026-02-09T21:38:30.616961+00:00,BTC,deribit_options_snapshot_20260209T213830Z.csv,1770673110616
2026-02-09T21:38:30.616961+00:00,ETH,deribit_options_snapshot_20260209T213830Z.csv,1770673110616
2026-02-10T04:56:22.511430+00:00,BTC,deribit_options_snapshot_20260210T045622Z.csv,1770699382511
2026-02-10T04:56:22.511430+00:00,ETH,deribit_options_snapshot_20260210T045622Z.csv,1770699382511
2026-02-10T09:54:07.175586+00:00,BTC,deribit_options_snapshot_20260210T095407Z.csv,1770717247175
2026-02-10T09:54:07.175586+00:00,ETH,deribit_options_snapshot_20260210T095407Z.csv,1770717247175
2026-02-10T16:12:50.278143+00:00,BTC,deribit_options_snapshot_20260210T161250Z.csv,1770739970278
2026-02-10T16:12:50.278143+00:00,ETH,deribit_options_snapshot_20260210T161250Z.csv,1770739970278
2026-02-10T21:42:24.431296+00:00,BTC,deribit_options_snapshot_20260210T214224Z.csv,1770759744431
2026-02-10T21:42:24.431296+00:00,ETH,deribit_options_snapshot_20260210T214224Z.csv,1770759744431
2026-02-11T04:55:28.762709+00:00,BTC,deribit_options_snapshot_20260211T045528Z.csv,1770785728762
2026-02-11T04:55:28.762709+00:00,ETH,deribit_options_snapshot_20260211T045528Z.csv,1770785728762
2026-02-11T09:44:24.044553+00:00,BTC,deribit_options_snapshot_20260211T094424Z.csv,1770803064044
2026-02-11T09:44:24.044553+00:00,ETH,deribit_options_snapshot_20260211T094424Z.csv,1770803064044
2026-02-11T16:09:19.059929+00:00,BTC,deribit_options_snapshot_20260211T160919Z.csv,1770826159059
2026-02-11T16:09:19.059929+00:00,ETH,deribit_options_snapshot_20260211T160919Z.csv,1770826159059
2026-02-11T21:33:54.022713+00:00,BTC,deribit_options_snapshot_20260211T213354Z.csv,1770845634022
2026-02-11T21:33:54.022713+00:00,ETH,deribit_options_snapshot_20260211T213354Z.csv,1770845634022
2026-02-12T04:51:01.834833+00:00,BTC,deribit_options_snapshot_20260212T045101Z.csv,1770871861834
2026-02-12T04:51:01.834833+00:00,ETH,deribit_options_snapshot_20260212T045101Z.csv,1770871861834
2026-02-12T09:40:31.356548+00:00,BTC,deribit_options_snapshot_20260212T094031Z.csv,1770889231356
2026-02-12T09:40:31.356548+00:00,ETH,deribit_options_snapshot_20260212T094031Z.csv,1770889231356
2026-02-12T16:01:34.480360+00:00,BTC,deribit_options_snapshot_20260212T160134Z.csv,1770912094480
2026-02-12T16:01:34.480360+00:00,ETH,deribit_options_snapshot_20260212T160134Z.csv,1770912094480
2026-02-12T21:33:53.304773+00:00,BTC,deribit_options_snapshot_20260212T213353Z.csv,1770932033304
2026-02-12T21:33:53.304773+00:00,ETH,deribit_options_snapshot_20260212T213353Z.csv,1770932033304
2026-02-13T04:47:00.062480+00:00,BTC,deribit_options_snapshot_20260213T044700Z.csv,1770958020062
2026-02-13T04:47:00.062480+00:00,ETH,deribit_options_snapshot_20260213T044700Z.csv,1770958020062
2026-02-13T09:36:10.482685+00:00,BTC,deribit_options_snapshot_20260213T093610Z.csv,1770975370482
2026-02-13T09:36:10.482685+00:00,ETH,deribit_options_snapshot_20260213T093610Z.csv,1770975370482
2026-02-13T15:53:19.490816+00:00,BTC,deribit_options_snapshot_20260213T155319Z.csv,1770997999490
2026-02-13T15:53:19.490816+00:00,ETH,deribit_options_snapshot_20260213T155319Z.csv,1770997999490
2026-02-13T21:35:29.867993+00:00,BTC,deribit_options_snapshot_20260213T213529Z.csv,1771018529867
2026-02-13T21:35:29.867993+00:00,ETH,deribit_options_snapshot_20260213T213529Z.csv,1771018529867
2026-02-14T04:26:16.301570+00:00,BTC,deribit_options_snapshot_20260214T042616Z.csv,1771043176301
2026-02-14T04:26:16.301570+00:00,ETH,deribit_options_snapshot_20260214T042616Z.csv,1771043176301
2026-02-14T09:23:42.288836+00:00,BTC,deribit_options_snapshot_20260214T092342Z.csv,1771061022288
2026-02-14T09:23:42.288836+00:00,ETH,deribit_options_snapshot_20260214T092342Z.csv,1771061022288
2026-02-14T15:34:11.501077+00:00,BTC,deribit_options_snapshot_20260214T153411Z.csv,1771083251501
2026-02-14T15:34:11.501077+00:00,ETH,deribit_options_snapshot_20260214T153411Z.csv,1771083251501
2026-02-14T21:24:35.093255+00:00,BTC,deribit_options_snapshot_20260214T212435Z.csv,1771104275093
2026-02-14T21:24:35.093255+00:00,ETH,deribit_options_snapshot_20260214T212435Z.csv,1771104275093
2026-02-15T04:47:33.029136+00:00,BTC,deribit_options_snapshot_20260215T044733Z.csv,1771130853029
2026-02-15T04:47:33.029136+00:00,ETH,deribit_options_snapshot_20260215T044733Z.csv,1771130853029
2026-02-15T09:24:24.577847+00:00,BTC,deribit_options_snapshot_20260215T092424Z.csv,1771147464577
2026-02-15T09:24:24.577847+00:00,ETH,deribit_options_snapshot_20260215T092424Z.csv,1771147464577
2026-02-15T15:34:20.370430+00:00,BTC,deribit_options_snapshot_20260215T153420Z.csv,1771169660370
2026-02-15T15:34:20.370430+00:00,ETH,deribit_options_snapshot_20260215T153420Z.csv,1771169660370
2026-02-15T21:25:08.278756+00:00,BTC,deribit_options_snapshot_20260215T212508Z.csv,1771190708278
2026-02-15T21:25:08.278756+00:00,ETH,deribit_options_snapshot_20260215T212508Z.csv,1771190708278
2026-02-16T04:51:56.056362+00:00,BTC,deribit_options_snapshot_20260216T045156Z.csv,1771217516056
2026-02-16T04:51:56.056362+00:00,ETH,deribit_options_snapshot_20260216T045156Z.csv,1771217516056
2026-02-16T09:44:36.380061+00:00,BTC,deribit_options_snapshot_20260216T094436Z.csv,1771235076380
2026-02-16T09:44:36.380061+00:00,ETH,deribit_options_snapshot_20260216T094436Z.csv,1771235076380
2026-02-16T15:51:36.784759+00:00,BTC,deribit_options_snapshot_20260216T155136Z.csv,1771257096784
2026-02-16T15:51:36.784759+00:00,ETH,deribit_options_snapshot_20260216T155136Z.csv,1771257096784
2026-02-16T21:28:35.581847+00:00,BTC,deribit_options_snapshot_20260216T212835Z.csv,1771277315581
2026-02-16T21:28:35.581847+00:00,ETH,deribit_options_snapshot_20260216T212835Z.csv,1771277315581
2026-02-17T04:45:11.990164+00:00,BTC,deribit_options_snapshot_20260217T044511Z.csv,1771303511990
2026-02-17T04:45:11.990164+00:00,ETH,deribit_options_snapshot_20260217T044511Z.csv,1771303511990
2026-02-17T09:40:22.447543+00:00,BTC,deribit_options_snapshot_20260217T094022Z.csv,1771321222447
2026-02-17T09:40:22.447543+00:00,ETH,deribit_options_snapshot_20260217T094022Z.csv,1771321222447
2026-02-17T16:01:14.219290+00:00,BTC,deribit_options_snapshot_20260217T160114Z.csv,1771344074219
2026-02-17T16:01:14.219290+00:00,ETH,deribit_options_snapshot_20260217T160114Z.csv,1771344074219
2026-02-17T21:36:24.813119+00:00,BTC,deribit_options_snapshot_20260217T213624Z.csv,1771364184813
2026-02-17T21:36:24.813119+00:00,ETH,deribit_options_snapshot_20260217T213624Z.csv,1771364184813
2026-02-18T04:46:40.769388+00:00,BTC,deribit_options_snapshot_20260218T044640Z.csv,1771390000769
2026-02-18T04:46:40.769388+00:00,ETH,deribit_options_snapshot_20260218T044640Z.csv,1771390000769
2026-02-18T09:39:05.159916+00:00,BTC,deribit_options_snapshot_20260218T093905Z.csv,1771407545159
2026-02-18T09:39:05.159916+00:00,ETH,deribit_options_snapshot_20260218T093905Z.csv,1771407545159
2026-02-18T16:01:09.448820+00:00,BTC,deribit_options_snapshot_20260218T160109Z.csv,1771430469448
2026-02-18T16:01:09.448820+00:00,ETH,deribit_options_snapshot_20260218T160109Z.csv,1771430469448
2026-02-18T21:34:44.865508+00:00,BTC,deribit_options_snapshot_20260218T213444Z.csv,1771450484865
2026-02-18T21:34:44.865508+00:00,ETH,deribit_options_snapshot_20260218T213444Z.csv,1771450484865
2026-02-19T04:45:42.228274+00:00,BTC,deribit_options_snapshot_20260219T044542Z.csv,1771476342228
2026-02-19T04:45:42.228274+00:00,ETH,deribit_options_snapshot_20260219T044542Z.csv,1771476342228
2026-02-19T09:37:25.445631+00:00,BTC,deribit_options_snapshot_20260219T093725Z.csv,1771493845445
2026-02-19T09:37:25.445631+00:00,ETH,deribit_options_snapshot_20260219T093725Z.csv,1771493845445
2026-02-19T15:57:58.646958+00:00,BTC,deribit_options_snapshot_20260219T155758Z.csv,1771516678646
2026-02-19T15:57:58.646958+00:00,ETH,deribit_options_snapshot_20260219T155758Z.csv,1771516678646
2026-02-19T21:32:47.983473+00:00,BTC,deribit_options_snapshot_20260219T213247Z.csv,1771536767983
2026-02-19T21:32:47.983473+00:00,ETH,deribit_options_snapshot_20260219T213247Z.csv,1771536767983
2026-02-20T04:29:23.521243+00:00,BTC,deribit_options_snapshot_20260220T042923Z.csv,1771561763521
2026-02-20T04:29:23.521243+00:00,ETH,deribit_options_snapshot_20260220T042923Z.csv,1771561763521
2026-02-20T09:33:42.127140+00:00,BTC,deribit_options_snapshot_20260220T093342Z.csv,1771580022127
2026-02-20T09:33:42.127140+00:00,ETH,deribit_options_snapshot_20260220T093342Z.csv,1771580022127
2026-02-20T15:45:05.036418+00:00,BTC,deribit_options_snapshot_20260220T154505Z.csv,1771602305036
2026-02-20T15:45:05.036418+00:00,ETH,deribit_options_snapshot_20260220T154505Z.csv,1771602305036
2026-02-20T21:24:56.967914+00:00,BTC,deribit_options_snapshot_20260220T212456Z.csv,1771622696967
2026-02-20T21:24:56.967914+00:00,ETH,deribit_options_snapshot_20260220T212456Z.csv,1771622696967
2026-02-21T04:21:52.790888+00:00,BTC,deribit_options_snapshot_20260221T042152Z.csv,1771647712790
2026-02-21T04:21:52.790888+00:00,ETH,deribit_options_snapshot_20260221T042152Z.csv,1771647712790
2026-02-21T09:22:33.992489+00:00,BTC,deribit_options_snapshot_20260221T092233Z.csv,1771665753992
2026-02-21T09:22:33.992489+00:00,ETH,deribit_options_snapshot_20260221T092233Z.csv,1771665753992
2026-02-21T15:34:04.883813+00:00,BTC,deribit_options_snapshot_20260221T153404Z.csv,1771688044883
2026-02-21T15:34:04.883813+00:00,ETH,deribit_options_snapshot_20260221T153404Z.csv,1771688044883
2026-02-21T21:23:13.264284+00:00,BTC,deribit_options_snapshot_20260221T212313Z.csv,1771708993264
2026-02-21T21:23:13.264284+00:00,ETH,deribit_options_snapshot_20260221T212313Z.csv,1771708993264
2026-02-22T04:42:25.362526+00:00,BTC,deribit_options_snapshot_20260222T044225Z.csv,1771735345362
2026-02-22T04:42:25.362526+00:00,ETH,deribit_options_snapshot_20260222T044225Z.csv,1771735345362
2026-02-22T09:23:29.815066+00:00,BTC,deribit_options_snapshot_20260222T092329Z.csv,1771752209815
2026-02-22T09:23:29.815066+00:00,ETH,deribit_options_snapshot_20260222T092329Z.csv,1771752209815
2026-02-22T15:34:15.815688+00:00,BTC,deribit_options_snapshot_20260222T153415Z.csv,1771774455815
2026-02-22T15:34:15.815688+00:00,ETH,deribit_options_snapshot_20260222T153415Z.csv,1771774455815
2026-02-22T21:24:43.764314+00:00,BTC,deribit_options_snapshot_20260222T212443Z.csv,1771795483764
2026-02-22T21:24:43.764314+00:00,ETH,deribit_options_snapshot_20260222T212443Z.csv,1771795483764
2026-02-23T04:50:33.659915+00:00,BTC,deribit_options_snapshot_20260223T045033Z.csv,1771822233659
2026-02-23T04:50:33.659915+00:00,ETH,deribit_options_snapshot_20260223T045033Z.csv,1771822233659
2026-02-23T09:45:25.712828+00:00,BTC,deribit_options_snapshot_20260223T094525Z.csv,1771839925712
2026-02-23T09:45:25.712828+00:00,ETH,deribit_options_snapshot_20260223T094525Z.csv,1771839925712
2026-02-23T16:34:57.151349+00:00,BTC,deribit_options_snapshot_20260223T163457Z.csv,1771864497151
2026-02-23T16:34:57.151349+00:00,ETH,deribit_options_snapshot_20260223T163457Z.csv,1771864497151
2026-02-23T21:44:09.099655+00:00,BTC,deribit_options_snapshot_20260223T214409Z.csv,1771883049099
2026-02-23T21:44:09.099655+00:00,ETH,deribit_options_snapshot_20260223T214409Z.csv,1771883049099
2026-02-24T04:45:04.704356+00:00,BTC,deribit_options_snapshot_20260224T044504Z.csv,1771908304704
2026-02-24T04:45:04.704356+00:00,ETH,deribit_options_snapshot_20260224T044504Z.csv,1771908304704
2026-02-24T09:43:23.707198+00:00,BTC,deribit_options_snapshot_20260224T094323Z.csv,1771926203707
2026-02-24T09:43:23.707198+00:00,ETH,deribit_options_snapshot_20260224T094323Z.csv,1771926203707
2026-02-24T16:06:25.921461+00:00,BTC,deribit_options_snapshot_20260224T160625Z.csv,1771949185921
2026-02-24T16:06:25.921461+00:00,ETH,deribit_options_snapshot_20260224T160625Z.csv,1771949185921
2026-02-24T21:35:08.914296+00:00,BTC,deribit_options_snapshot_20260224T213508Z.csv,1771968908914
2026-02-24T21:35:08.914296+00:00,ETH,deribit_options_snapshot_20260224T213508Z.csv,1771968908914
2026-02-25T04:45:34.120914+00:00,BTC,deribit_options_snapshot_20260225T044534Z.csv,1771994734120
2026-02-25T04:45:34.120914+00:00,ETH,deribit_options_snapshot_20260225T044534Z.csv,1771994734120
2026-02-25T09:44:50.780253+00:00,BTC,deribit_options_snapshot_20260225T094450Z.csv,1772012690780
2026-02-25T09:44:50.780253+00:00,ETH,deribit_options_snapshot_20260225T094450Z.csv,1772012690780
2026-02-25T16:12:44.353752+00:00,BTC,deribit_options_snapshot_20260225T161244Z.csv,1772035964353
2026-02-25T16:12:44.353752+00:00,ETH,deribit_options_snapshot_20260225T161244Z.csv,1772035964353
2026-02-25T21:34:49.352004+00:00,BTC,deribit_options_snapshot_20260225T213449Z.csv,1772055289352
2026-02-25T21:34:49.352004+00:00,ETH,deribit_options_snapshot_20260225T213449Z.csv,1772055289352
2026-02-26T04:43:30.227369+00:00,BTC,deribit_options_snapshot_20260226T044330Z.csv,1772081010227
2026-02-26T04:43:30.227369+00:00,ETH,deribit_options_snapshot_20260226T044330Z.csv,1772081010227
2026-02-26T09:41:05.543873+00:00,BTC,deribit_options_snapshot_20260226T094105Z.csv,1772098865543
2026-02-26T09:41:05.543873+00:00,ETH,deribit_options_snapshot_20260226T094105Z.csv,1772098865543
2026-02-26T16:01:01.778772+00:00,BTC,deribit_options_snapshot_20260226T160101Z.csv,1772121661778
2026-02-26T16:01:01.778772+00:00,ETH,deribit_options_snapshot_20260226T160101Z.csv,1772121661778
2026-02-26T21:32:29.621709+00:00,BTC,deribit_options_snapshot_20260226T213229Z.csv,1772141549621
2026-02-26T21:32:29.621709+00:00,ETH,deribit_options_snapshot_20260226T213229Z.csv,1772141549621
2026-02-27T04:28:40.760962+00:00,BTC,deribit_options_snapshot_20260227T042840Z.csv,1772166520760
2026-02-27T04:28:40.760962+00:00,ETH,deribit_options_snapshot_20260227T042840Z.csv,1772166520760
2026-02-27T15:46:28.996738+00:00,BTC,deribit_options_snapshot_20260227T154628Z.csv,1772207188996
2026-02-27T15:46:28.996738+00:00,ETH,deribit_options_snapshot_20260227T154628Z.csv,1772207188996
2026-02-27T21:29:38.069044+00:00,BTC,deribit_options_snapshot_20260227T212938Z.csv,1772227778069
2026-02-27T21:29:38.069044+00:00,ETH,deribit_options_snapshot_20260227T212938Z.csv,1772227778069
2026-02-28T04:10:46.275052+00:00,BTC,deribit_options_snapshot_20260228T041046Z.csv,1772251846275
2026-02-28T04:10:46.275052+00:00,ETH,deribit_options_snapshot_20260228T041046Z.csv,1772251846275
2026-02-28T09:18:55.985697+00:00,BTC,deribit_options_snapshot_20260228T091855Z.csv,1772270335985
2026-02-28T09:18:55.985697+00:00,ETH,deribit_options_snapshot_20260228T091855Z.csv,1772270335985
2026-02-28T15:32:07.451443+00:00,BTC,deribit_options_snapshot_20260228T153207Z.csv,1772292727451
2026-02-28T15:32:07.451443+00:00,ETH,deribit_options_snapshot_20260228T153207Z.csv,1772292727451
2026-02-28T21:20:49.723194+00:00,BTC,deribit_options_snapshot_20260228T212049Z.csv,1772313649723
2026-02-28T21:20:49.723194+00:00,ETH,deribit_options_snapshot_20260228T212049Z.csv,1772313649723
2026-03-01T04:47:01.071158+00:00,BTC,deribit_options_snapshot_20260301T044701Z.csv,1772340421071
2026-03-01T04:47:01.071158+00:00,ETH,deribit_options_snapshot_20260301T044701Z.csv,1772340421071
2026-03-01T09:22:18.573801+00:00,BTC,deribit_options_snapshot_20260301T092218Z.csv,1772356938573
2026-03-01T09:22:18.573801+00:00,ETH,deribit_options_snapshot_20260301T092218Z.csv,1772356938573
2026-03-01T15:32:50.659507+00:00,BTC,deribit_options_snapshot_20260301T153250Z.csv,1772379170659
2026-03-01T15:32:50.659507+00:00,ETH,deribit_options_snapshot_20260301T153250Z.csv,1772379170659
2026-03-01T21:22:55.499683+00:00,BTC,deribit_options_snapshot_20260301T212255Z.csv,1772400175499
2026-03-01T21:22:55.499683+00:00,ETH,deribit_options_snapshot_20260301T212255Z.csv,1772400175499
2026-03-02T04:29:56.244866+00:00,BTC,deribit_options_snapshot_20260302T042956Z.csv,1772425796244
2026-03-02T04:29:56.244866+00:00,ETH,deribit_options_snapshot_20260302T042956Z.csv,1772425796244
2026-03-02T09:39:57.529766+00:00,BTC,deribit_options_snapshot_20260302T093957Z.csv,1772444397529
2026-03-02T09:39:57.529766+00:00,ETH,deribit_options_snapshot_20260302T093957Z.csv,1772444397529
2026-03-02T15:50:53.231989+00:00,BTC,deribit_options_snapshot_20260302T155053Z.csv,1772466653231
2026-03-02T15:50:53.231989+00:00,ETH,deribit_options_snapshot_20260302T155053Z.csv,1772466653231
2026-03-02T21:34:07.665676+00:00,BTC,deribit_options_snapshot_20260302T213407Z.csv,1772487247665
2026-03-02T21:34:07.665676+00:00,ETH,deribit_options_snapshot_20260302T213407Z.csv,1772487247665
2026-03-03T04:29:21.957992+00:00,BTC,deribit_options_snapshot_20260303T042921Z.csv,1772512161957
2026-03-03T04:29:21.957992+00:00,ETH,deribit_options_snapshot_20260303T042921Z.csv,1772512161957
2026-03-03T09:34:22.989633+00:00,BTC,deribit_options_snapshot_20260303T093422Z.csv,1772530462989
2026-03-03T09:34:22.989633+00:00,ETH,deribit_options_snapshot_20260303T093422Z.csv,1772530462989
2026-03-03T15:54:53.665626+00:00,BTC,deribit_options_snapshot_20260303T155453Z.csv,1772553293665
2026-03-03T15:54:53.665626+00:00,ETH,deribit_options_snapshot_20260303T155453Z.csv,1772553293665
2026-03-03T21:34:23.887274+00:00,BTC,deribit_options_snapshot_20260303T213423Z.csv,1772573663887
2026-03-03T21:34:23.887274+00:00,ETH,deribit_options_snapshot_20260303T213423Z.csv,1772573663887
2026-03-04T04:24:20.926257+00:00,BTC,deribit_options_snapshot_20260304T042420Z.csv,1772598260926
2026-03-04T04:24:20.926257+00:00,ETH,deribit_options_snapshot_20260304T042420Z.csv,1772598260926
2026-03-04T09:33:15.571346+00:00,BTC,deribit_options_snapshot_20260304T093315Z.csv,1772616795571
2026-03-04T09:33:15.571346+00:00,ETH,deribit_options_snapshot_20260304T093315Z.csv,1772616795571
2026-03-04T15:53:13.112874+00:00,BTC,deribit_options_snapshot_20260304T155313Z.csv,1772639593112
2026-03-04T15:53:13.112874+00:00,ETH,deribit_options_snapshot_20260304T155313Z.csv,1772639593112
2026-03-04T21:34:58.434089+00:00,BTC,deribit_options_snapshot_20260304T213458Z.csv,1772660098434
2026-03-04T21:34:58.434089+00:00,ETH,deribit_options_snapshot_20260304T213458Z.csv,1772660098434
2026-03-05T04:27:46.919786+00:00,BTC,deribit_options_snapshot_20260305T042746Z.csv,1772684866919
2026-03-05T04:27:46.919786+00:00,ETH,deribit_options_snapshot_20260305T042746Z.csv,1772684866919
2026-03-05T09:35:29.038777+00:00,BTC,deribit_options_snapshot_20260305T093529Z.csv,1772703329038
2026-03-05T09:35:29.038777+00:00,ETH,deribit_options_snapshot_20260305T093529Z.csv,1772703329038
2026-03-05T15:57:33.462919+00:00,BTC,deribit_options_snapshot_20260305T155733Z.csv,1772726253462
2026-03-05T15:57:33.462919+00:00,ETH,deribit_options_snapshot_20260305T155733Z.csv,1772726253462
2026-03-05T21:35:23.163414+00:00,BTC,deribit_options_snapshot_20260305T213523Z.csv,1772746523163
2026-03-05T21:35:23.163414+00:00,ETH,deribit_options_snapshot_20260305T213523Z.csv,1772746523163
2026-03-06T04:25:25.343624+00:00,BTC,deribit_options_snapshot_20260306T042525Z.csv,1772771125343
2026-03-06T04:25:25.343624+00:00,ETH,deribit_options_snapshot_20260306T042525Z.csv,1772771125343
2026-03-06T09:30:46.270216+00:00,BTC,deribit_options_snapshot_20260306T093046Z.csv,1772789446270
2026-03-06T09:30:46.270216+00:00,ETH,deribit_options_snapshot_20260306T093046Z.csv,1772789446270
2026-03-06T15:48:57.175737+00:00,BTC,deribit_options_snapshot_20260306T154857Z.csv,1772812137175
2026-03-06T15:48:57.175737+00:00,ETH,deribit_options_snapshot_20260306T154857Z.csv,1772812137175
2026-03-06T21:29:46.493748+00:00,BTC,deribit_options_snapshot_20260306T212946Z.csv,1772832586493
2026-03-06T21:29:46.493748+00:00,ETH,deribit_options_snapshot_20260306T212946Z.csv,1772832586493
2026-03-07T04:16:42.245466+00:00,BTC,deribit_options_snapshot_20260307T041642Z.csv,1772857002245
2026-03-07T04:16:42.245466+00:00,ETH,deribit_options_snapshot_20260307T041642Z.csv,1772857002245
2026-03-07T09:22:00.357681+00:00,BTC,deribit_options_snapshot_20260307T092200Z.csv,1772875320357
2026-03-07T09:22:00.357681+00:00,ETH,deribit_options_snapshot_20260307T092200Z.csv,1772875320357
2026-03-07T15:32:30.404703+00:00,BTC,deribit_options_snapshot_20260307T153230Z.csv,1772897550404
2026-03-07T15:32:30.404703+00:00,ETH,deribit_options_snapshot_20260307T153230Z.csv,1772897550404
2026-03-07T21:21:21.657958+00:00,BTC,deribit_options_snapshot_20260307T212121Z.csv,1772918481657
2026-03-07T21:21:21.657958+00:00,ETH,deribit_options_snapshot_20260307T212121Z.csv,1772918481657
2026-03-08T04:27:03.558802+00:00,BTC,deribit_options_snapshot_20260308T042703Z.csv,1772944023558
2026-03-08T04:27:03.558802+00:00,ETH,deribit_options_snapshot_20260308T042703Z.csv,1772944023558
2026-03-08T09:22:02.773736+00:00,BTC,deribit_options_snapshot_20260308T092202Z.csv,1772961722773
2026-03-08T09:22:02.773736+00:00,ETH,deribit_options_snapshot_20260308T092202Z.csv,1772961722773
2026-03-08T15:32:45.856552+00:00,BTC,deribit_options_snapshot_20260308T153245Z.csv,1772983965856
2026-03-08T15:32:45.856552+00:00,ETH,deribit_options_snapshot_20260308T153245Z.csv,1772983965856
2026-03-08T21:23:35.655470+00:00,BTC,deribit_options_snapshot_20260308T212335Z.csv,1773005015655
2026-03-08T21:23:35.655470+00:00,ETH,deribit_options_snapshot_20260308T212335Z.csv,1773005015655
2026-03-09T04:44:42.739218+00:00,BTC,deribit_options_snapshot_20260309T044442Z.csv,1773031482739
2026-03-09T04:44:42.739218+00:00,ETH,deribit_options_snapshot_20260309T044442Z.csv,1773031482739
2026-03-09T09:40:45.067095+00:00,BTC,deribit_options_snapshot_20260309T094045Z.csv,1773049245067
2026-03-09T09:40:45.067095+00:00,ETH,deribit_options_snapshot_20260309T094045Z.csv,1773049245067
2026-03-09T16:05:33.856758+00:00,BTC,deribit_options_snapshot_20260309T160533Z.csv,1773072333856
2026-03-09T16:05:33.856758+00:00,ETH,deribit_options_snapshot_20260309T160533Z.csv,1773072333856
2026-03-09T21:32:58.606201+00:00,BTC,deribit_options_snapshot_20260309T213258Z.csv,1773091978606
2026-03-09T21:32:58.606201+00:00,ETH,deribit_options_snapshot_20260309T213258Z.csv,1773091978606
2026-03-10T04:25:30.441078+00:00,BTC,deribit_options_snapshot_20260310T042530Z.csv,1773116730441
2026-03-10T04:25:30.441078+00:00,ETH,deribit_options_snapshot_20260310T042530Z.csv,1773116730441
2026-03-10T09:36:42.923761+00:00,BTC,deribit_options_snapshot_20260310T093642Z.csv,1773135402923
2026-03-10T09:36:42.923761+00:00,ETH,deribit_options_snapshot_20260310T093642Z.csv,1773135402923
2026-03-10T16:06:52.018773+00:00,BTC,deribit_options_snapshot_20260310T160652Z.csv,1773158812018
2026-03-10T16:06:52.018773+00:00,ETH,deribit_options_snapshot_20260310T160652Z.csv,1773158812018
2026-03-10T21:29:16.133141+00:00,BTC,deribit_options_snapshot_20260310T212916Z.csv,1773178156133
2026-03-10T21:29:16.133141+00:00,ETH,deribit_options_snapshot_20260310T212916Z.csv,1773178156133
2026-03-11T04:26:33.001100+00:00,BTC,deribit_options_snapshot_20260311T042633Z.csv,1773203193001
2026-03-11T04:26:33.001100+00:00,ETH,deribit_options_snapshot_20260311T042633Z.csv,1773203193001
2026-03-11T09:35:19.905500+00:00,BTC,deribit_options_snapshot_20260311T093519Z.csv,1773221719905
2026-03-11T09:35:19.905500+00:00,ETH,deribit_options_snapshot_20260311T093519Z.csv,1773221719905
2026-03-11T15:57:22.630470+00:00,BTC,deribit_options_snapshot_20260311T155722Z.csv,1773244642630
2026-03-11T15:57:22.630470+00:00,ETH,deribit_options_snapshot_20260311T155722Z.csv,1773244642630
2026-03-11T21:33:43.267820+00:00,BTC,deribit_options_snapshot_20260311T213343Z.csv,1773264823267
2026-03-11T21:33:43.267820+00:00,ETH,deribit_options_snapshot_20260311T213343Z.csv,1773264823267
2026-03-12T04:28:52.366113+00:00,BTC,deribit_options_snapshot_20260312T042852Z.csv,1773289732366
2026-03-12T04:28:52.366113+00:00,ETH,deribit_options_snapshot_20260312T042852Z.csv,1773289732366
2026-03-12T09:35:39.218895+00:00,BTC,deribit_options_snapshot_20260312T093539Z.csv,1773308139218
2026-03-12T09:35:39.218895+00:00,ETH,deribit_options_snapshot_20260312T093539Z.csv,1773308139218
2026-03-12T16:07:13.399102+00:00,BTC,deribit_options_snapshot_20260312T160713Z.csv,1773331633399
2026-03-12T16:07:13.399102+00:00,ETH,deribit_options_snapshot_20260312T160713Z.csv,1773331633399
2026-03-12T21:33:06.091970+00:00,BTC,deribit_options_snapshot_20260312T213306Z.csv,1773351186091
2026-03-12T21:33:06.091970+00:00,ETH,deribit_options_snapshot_20260312T213306Z.csv,1773351186091
2026-03-13T04:27:17.375226+00:00,BTC,deribit_options_snapshot_20260313T042717Z.csv,1773376037375
2026-03-13T04:27:17.375226+00:00,ETH,deribit_options_snapshot_20260313T042717Z.csv,1773376037375
2026-03-13T09:33:05.796835+00:00,BTC,deribit_options_snapshot_20260313T093305Z.csv,1773394385796
2026-03-13T09:33:05.796835+00:00,ETH,deribit_options_snapshot_20260313T093305Z.csv,1773394385796
2026-03-13T15:53:04.719454+00:00,BTC,deribit_options_snapshot_20260313T155304Z.csv,1773417184719
2026-03-13T15:53:04.719454+00:00,ETH,deribit_options_snapshot_20260313T155304Z.csv,1773417184719
2026-03-13T21:33:36.534297+00:00,BTC,deribit_options_snapshot_20260313T213336Z.csv,1773437616534
2026-03-13T21:33:36.534297+00:00,ETH,deribit_options_snapshot_20260313T213336Z.csv,1773437616534
2026-03-14T04:26:30.168345+00:00,BTC,deribit_options_snapshot_20260314T042630Z.csv,1773462390168
2026-03-14T04:26:30.168345+00:00,ETH,deribit_options_snapshot_20260314T042630Z.csv,1773462390168
2026-03-14T09:25:21.212071+00:00,BTC,deribit_options_snapshot_20260314T092521Z.csv,1773480321212
2026-03-14T09:25:21.212071+00:00,ETH,deribit_options_snapshot_20260314T092521Z.csv,1773480321212
2026-03-14T15:35:56.261796+00:00,BTC,deribit_options_snapshot_20260314T153556Z.csv,1773502556261
2026-03-14T15:35:56.261796+00:00,ETH,deribit_options_snapshot_20260314T153556Z.csv,1773502556261
2026-03-14T21:27:11.138556+00:00,BTC,deribit_options_snapshot_20260314T212711Z.csv,1773523631138
2026-03-14T21:27:11.138556+00:00,ETH,deribit_options_snapshot_20260314T212711Z.csv,1773523631138
2026-03-15T04:58:07.092005+00:00,BTC,deribit_options_snapshot_20260315T045807Z.csv,1773550687092
2026-03-15T04:58:07.092005+00:00,ETH,deribit_options_snapshot_20260315T045807Z.csv,1773550687092
2026-03-15T09:27:33.654877+00:00,BTC,deribit_options_snapshot_20260315T092733Z.csv,1773566853654
2026-03-15T09:27:33.654877+00:00,ETH,deribit_options_snapshot_20260315T092733Z.csv,1773566853654
2026-03-15T15:37:09.730678+00:00,BTC,deribit_options_snapshot_20260315T153709Z.csv,1773589029730
2026-03-15T15:37:09.730678+00:00,ETH,deribit_options_snapshot_20260315T153709Z.csv,1773589029730
2026-03-15T21:28:17.628738+00:00,BTC,deribit_options_snapshot_20260315T212817Z.csv,1773610097628
2026-03-15T21:28:17.628738+00:00,ETH,deribit_options_snapshot_20260315T212817Z.csv,1773610097628
2026-03-16T05:07:39.409707+00:00,BTC,deribit_options_snapshot_20260316T050739Z.csv,1773637659409
2026-03-16T05:07:39.409707+00:00,ETH,deribit_options_snapshot_20260316T050739Z.csv,1773637659409
2026-03-16T09:57:42.292128+00:00,BTC,deribit_options_snapshot_20260316T095742Z.csv,1773655062292
2026-03-16T09:57:42.292128+00:00,ETH,deribit_options_snapshot_20260316T095742Z.csv,1773655062292
2026-03-16T16:12:06.757468+00:00,BTC,deribit_options_snapshot_20260316T161206Z.csv,1773677526757
2026-03-16T16:12:06.757468+00:00,ETH,deribit_options_snapshot_20260316T161206Z.csv,1773677526757
2026-03-16T21:40:18.929361+00:00,BTC,deribit_options_snapshot_20260316T214018Z.csv,1773697218929
2026-03-16T21:40:18.929361+00:00,ETH,deribit_options_snapshot_20260316T214018Z.csv,1773697218929
2026-03-17T04:44:28.846992+00:00,BTC,deribit_options_snapshot_20260317T044428Z.csv,1773722668846
2026-03-17T04:44:28.846992+00:00,ETH,deribit_options_snapshot_20260317T044428Z.csv,1773722668846
2026-03-17T09:47:57.769213+00:00,BTC,deribit_options_snapshot_20260317T094757Z.csv,1773740877769
2026-03-17T09:47:57.769213+00:00,ETH,deribit_options_snapshot_20260317T094757Z.csv,1773740877769
2026-03-17T16:12:19.457772+00:00,BTC,deribit_options_snapshot_20260317T161219Z.csv,1773763939457
2026-03-17T16:12:19.457772+00:00,ETH,deribit_options_snapshot_20260317T161219Z.csv,1773763939457
2026-03-17T21:37:56.374020+00:00,BTC,deribit_options_snapshot_20260317T213756Z.csv,1773783476374
2026-03-17T21:37:56.374020+00:00,ETH,deribit_options_snapshot_20260317T213756Z.csv,1773783476374
2026-03-18T04:49:23.652786+00:00,BTC,deribit_options_snapshot_20260318T044923Z.csv,1773809363652
2026-03-18T04:49:23.652786+00:00,ETH,deribit_options_snapshot_20260318T044923Z.csv,1773809363652
2026-03-18T09:44:36.168926+00:00,BTC,deribit_options_snapshot_20260318T094436Z.csv,1773827076168
2026-03-18T09:44:36.168926+00:00,ETH,deribit_options_snapshot_20260318T094436Z.csv,1773827076168
2026-03-18T16:13:09.673054+00:00,BTC,deribit_options_snapshot_20260318T161309Z.csv,1773850389673
2026-03-18T16:13:09.673054+00:00,ETH,deribit_options_snapshot_20260318T161309Z.csv,1773850389673
2026-03-18T21:34:48.428248+00:00,BTC,deribit_options_snapshot_20260318T213448Z.csv,1773869688428
2026-03-18T21:34:48.428248+00:00,ETH,deribit_options_snapshot_20260318T213448Z.csv,1773869688428
2026-03-19T04:47:51.698003+00:00,BTC,deribit_options_snapshot_20260319T044751Z.csv,1773895671698
2026-03-19T04:47:51.698003+00:00,ETH,deribit_options_snapshot_20260319T044751Z.csv,1773895671698
2026-03-19T09:36:08.669873+00:00,BTC,deribit_options_snapshot_20260319T093608Z.csv,1773912968669
2026-03-19T09:36:08.669873+00:00,ETH,deribit_options_snapshot_20260319T093608Z.csv,1773912968669
2026-03-19T16:01:57.297877+00:00,BTC,deribit_options_snapshot_20260319T160157Z.csv,1773936117297
2026-03-19T16:01:57.297877+00:00,ETH,deribit_options_snapshot_20260319T160157Z.csv,1773936117297
2026-03-19T21:35:46.776880+00:00,BTC,deribit_options_snapshot_20260319T213546Z.csv,1773956146776
2026-03-19T21:35:46.776880+00:00,ETH,deribit_options_snapshot_20260319T213546Z.csv,1773956146776
2026-03-20T04:29:14.805084+00:00,BTC,deribit_options_snapshot_20260320T042914Z.csv,1773980954805
2026-03-20T04:29:14.805084+00:00,ETH,deribit_options_snapshot_20260320T042914Z.csv,1773980954805
2026-03-20T09:33:39.433916+00:00,BTC,deribit_options_snapshot_20260320T093339Z.csv,1773999219433
2026-03-20T09:33:39.433916+00:00,ETH,deribit_options_snapshot_20260320T093339Z.csv,1773999219433
2026-03-20T15:53:12.042593+00:00,BTC,deribit_options_snapshot_20260320T155312Z.csv,1774021992042
2026-03-20T15:53:12.042593+00:00,ETH,deribit_options_snapshot_20260320T155312Z.csv,1774021992042
2026-03-20T21:30:28.723065+00:00,BTC,deribit_options_snapshot_20260320T213028Z.csv,1774042228723
2026-03-20T21:30:28.723065+00:00,ETH,deribit_options_snapshot_20260320T213028Z.csv,1774042228723
2026-03-21T04:21:20.445515+00:00,BTC,deribit_options_snapshot_20260321T042120Z.csv,1774066880445
2026-03-21T04:21:20.445515+00:00,ETH,deribit_options_snapshot_20260321T042120Z.csv,1774066880445
2026-03-21T09:25:02.927100+00:00,BTC,deribit_options_snapshot_20260321T092502Z.csv,1774085102927
2026-03-21T09:25:02.927100+00:00,ETH,deribit_options_snapshot_20260321T092502Z.csv,1774085102927
2026-03-21T15:34:48.866098+00:00,BTC,deribit_options_snapshot_20260321T153448Z.csv,1774107288866
2026-03-21T15:34:48.866098+00:00,ETH,deribit_options_snapshot_20260321T153448Z.csv,1774107288866
2026-03-21T21:25:36.748937+00:00,BTC,deribit_options_snapshot_20260321T212536Z.csv,1774128336748
2026-03-21T21:25:36.748937+00:00,ETH,deribit_options_snapshot_20260321T212536Z.csv,1774128336748
2026-03-22T04:45:39.470655+00:00,BTC,deribit_options_snapshot_20260322T044539Z.csv,1774154739470
2026-03-22T04:45:39.470655+00:00,ETH,deribit_options_snapshot_20260322T044539Z.csv,1774154739470
2026-03-22T09:25:13.822061+00:00,BTC,deribit_options_snapshot_20260322T092513Z.csv,1774171513822
2026-03-22T09:25:13.822061+00:00,ETH,deribit_options_snapshot_20260322T092513Z.csv,1774171513822
2026-03-22T15:34:53.341853+00:00,BTC,deribit_options_snapshot_20260322T153453Z.csv,1774193693341
2026-03-22T15:34:53.341853+00:00,ETH,deribit_options_snapshot_20260322T153453Z.csv,1774193693341
2026-03-22T21:26:39.852972+00:00,BTC,deribit_options_snapshot_20260322T212639Z.csv,1774214799852
2026-03-22T21:26:39.852972+00:00,ETH,deribit_options_snapshot_20260322T212639Z.csv,1774214799852
2026-03-23T04:55:34.022470+00:00,BTC,deribit_options_snapshot_20260323T045534Z.csv,1774241734022
2026-03-23T04:55:34.022470+00:00,ETH,deribit_options_snapshot_20260323T045534Z.csv,1774241734022
2026-03-23T09:56:25.543320+00:00,BTC,deribit_options_snapshot_20260323T095625Z.csv,1774259785543
2026-03-23T09:56:25.543320+00:00,ETH,deribit_options_snapshot_20260323T095625Z.csv,1774259785543
2026-03-23T16:05:25.688526+00:00,BTC,deribit_options_snapshot_20260323T160525Z.csv,1774281925688
2026-03-23T16:05:25.688526+00:00,ETH,deribit_options_snapshot_20260323T160525Z.csv,1774281925688
2026-03-23T21:36:31.601529+00:00,BTC,deribit_options_snapshot_20260323T213631Z.csv,1774301791601
2026-03-23T21:36:31.601529+00:00,ETH,deribit_options_snapshot_20260323T213631Z.csv,1774301791601
2026-03-24T04:46:07.753189+00:00,BTC,deribit_options_snapshot_20260324T044607Z.csv,1774327567753
2026-03-24T04:46:07.753189+00:00,ETH,deribit_options_snapshot_20260324T044607Z.csv,1774327567753
2026-03-24T09:48:28.366345+00:00,BTC,deribit_options_snapshot_20260324T094828Z.csv,1774345708366
2026-03-24T09:48:28.366345+00:00,ETH,deribit_options_snapshot_20260324T094828Z.csv,1774345708366
2026-03-24T16:13:22.978282+00:00,BTC,deribit_options_snapshot_20260324T161322Z.csv,1774368802978
2026-03-24T16:13:22.978282+00:00,ETH,deribit_options_snapshot_20260324T161322Z.csv,1774368802978
2026-03-24T21:38:03.451951+00:00,BTC,deribit_options_snapshot_20260324T213803Z.csv,1774388283451
2026-03-24T21:38:03.451951+00:00,ETH,deribit_options_snapshot_20260324T213803Z.csv,1774388283451
2026-03-25T04:47:12.323850+00:00,BTC,deribit_options_snapshot_20260325T044712Z.csv,1774414032323
2026-03-25T04:47:12.323850+00:00,ETH,deribit_options_snapshot_20260325T044712Z.csv,1774414032323
2026-03-25T09:45:04.090068+00:00,BTC,deribit_options_snapshot_20260325T094504Z.csv,1774431904090
2026-03-25T09:45:04.090068+00:00,ETH,deribit_options_snapshot_20260325T094504Z.csv,1774431904090
2026-03-25T16:18:04.340015+00:00,BTC,deribit_options_snapshot_20260325T161804Z.csv,1774455484340
2026-03-25T16:18:04.340015+00:00,ETH,deribit_options_snapshot_20260325T161804Z.csv,1774455484340
2026-03-25T21:39:15.420357+00:00,BTC,deribit_options_snapshot_20260325T213915Z.csv,1774474755420
2026-03-25T21:39:15.420357+00:00,ETH,deribit_options_snapshot_20260325T213915Z.csv,1774474755420
2026-03-26T04:58:13.518835+00:00,BTC,deribit_options_snapshot_20260326T045813Z.csv,1774501093518
2026-03-26T04:58:13.518835+00:00,ETH,deribit_options_snapshot_20260326T045813Z.csv,1774501093518
2026-03-26T09:55:10.889006+00:00,BTC,deribit_options_snapshot_20260326T095510Z.csv,1774518910889
2026-03-26T09:55:10.889006+00:00,ETH,deribit_options_snapshot_20260326T095510Z.csv,1774518910889
2026-03-26T16:17:56.238474+00:00,BTC,deribit_options_snapshot_20260326T161756Z.csv,1774541876238
2026-03-26T16:17:56.238474+00:00,ETH,deribit_options_snapshot_20260326T161756Z.csv,1774541876238
2026-03-26T21:31:49.321591+00:00,BTC,deribit_options_snapshot_20260326T213149Z.csv,1774560709321
2026-03-26T21:31:49.321591+00:00,ETH,deribit_options_snapshot_20260326T213149Z.csv,1774560709321
2026-03-27T04:59:44.428407+00:00,BTC,deribit_options_snapshot_20260327T045944Z.csv,1774587584428
2026-03-27T04:59:44.428407+00:00,ETH,deribit_options_snapshot_20260327T045944Z.csv,1774587584428
2026-03-27T09:47:09.686843+00:00,BTC,deribit_options_snapshot_20260327T094709Z.csv,1774604829686
2026-03-27T09:47:09.686843+00:00,ETH,deribit_options_snapshot_20260327T094709Z.csv,1774604829686
2026-03-27T15:59:14.391387+00:00,BTC,deribit_options_snapshot_20260327T155914Z.csv,1774627154391
2026-03-27T15:59:14.391387+00:00,ETH,deribit_options_snapshot_20260327T155914Z.csv,1774627154391
2026-03-27T21:34:14.557451+00:00,BTC,deribit_options_snapshot_20260327T213414Z.csv,1774647254557
2026-03-27T21:34:14.557451+00:00,ETH,deribit_options_snapshot_20260327T213414Z.csv,1774647254557
2026-03-28T04:45:59.241265+00:00,BTC,deribit_options_snapshot_20260328T044559Z.csv,1774673159241
2026-03-28T04:45:59.241265+00:00,ETH,deribit_options_snapshot_20260328T044559Z.csv,1774673159241
2026-03-28T09:29:23.836011+00:00,BTC,deribit_options_snapshot_20260328T092923Z.csv,1774690163836
2026-03-28T09:29:23.836011+00:00,ETH,deribit_options_snapshot_20260328T092923Z.csv,1774690163836
2026-03-28T15:39:06.088394+00:00,BTC,deribit_options_snapshot_20260328T153906Z.csv,1774712346088
2026-03-28T15:39:06.088394+00:00,ETH,deribit_options_snapshot_20260328T153906Z.csv,1774712346088
2026-03-28T21:29:58.693810+00:00,BTC,deribit_options_snapshot_20260328T212958Z.csv,1774733398693
2026-03-28T21:29:58.693810+00:00,ETH,deribit_options_snapshot_20260328T212958Z.csv,1774733398693
2026-03-29T05:03:14.856611+00:00,BTC,deribit_options_snapshot_20260329T050314Z.csv,1774760594856
2026-03-29T05:03:14.856611+00:00,ETH,deribit_options_snapshot_20260329T050314Z.csv,1774760594856
2026-03-29T09:29:41.157036+00:00,BTC,deribit_options_snapshot_20260329T092941Z.csv,1774776581157
2026-03-29T09:29:41.157036+00:00,ETH,deribit_options_snapshot_20260329T092941Z.csv,1774776581157
2026-03-29T15:40:32.614708+00:00,BTC,deribit_options_snapshot_20260329T154032Z.csv,1774798832614
2026-03-29T15:40:32.614708+00:00,ETH,deribit_options_snapshot_20260329T154032Z.csv,1774798832614
2026-03-29T21:32:06.011936+00:00,BTC,deribit_options_snapshot_20260329T213206Z.csv,1774819926011
2026-03-29T21:32:06.011936+00:00,ETH,deribit_options_snapshot_20260329T213206Z.csv,1774819926011
2026-03-30T05:14:23.837264+00:00,BTC,deribit_options_snapshot_20260330T051423Z.csv,1774847663837
2026-03-30T05:14:23.837264+00:00,ETH,deribit_options_snapshot_20260330T051423Z.csv,1774847663837
2026-03-30T10:09:19.664170+00:00,BTC,deribit_options_snapshot_20260330T100919Z.csv,1774865359664
2026-03-30T10:09:19.664170+00:00,ETH,deribit_options_snapshot_20260330T100919Z.csv,1774865359664
2026-03-30T16:10:00.215808+00:00,BTC,deribit_options_snapshot_20260330T161000Z.csv,1774887000215
2026-03-30T16:10:00.215808+00:00,ETH,deribit_options_snapshot_20260330T161000Z.csv,1774887000215
2026-03-30T21:41:39.484194+00:00,BTC,deribit_options_snapshot_20260330T214139Z.csv,1774906899484
2026-03-30T21:41:39.484194+00:00,ETH,deribit_options_snapshot_20260330T214139Z.csv,1774906899484
2026-03-31T05:02:18.561228+00:00,BTC,deribit_options_snapshot_20260331T050218Z.csv,1774933338561
2026-03-31T05:02:18.561228+00:00,ETH,deribit_options_snapshot_20260331T050218Z.csv,1774933338561
2026-03-31T09:57:35.534461+00:00,BTC,deribit_options_snapshot_20260331T095735Z.csv,1774951055534
2026-03-31T09:57:35.534461+00:00,ETH,deribit_options_snapshot_20260331T095735Z.csv,1774951055534
2026-03-31T16:10:45.256817+00:00,BTC,deribit_options_snapshot_20260331T161045Z.csv,1774973445256
2026-03-31T16:10:45.256817+00:00,ETH,deribit_options_snapshot_20260331T161045Z.csv,1774973445256
2026-03-31T21:39:06.362258+00:00,BTC,deribit_options_snapshot_20260331T213906Z.csv,1774993146362
2026-03-31T21:39:06.362258+00:00,ETH,deribit_options_snapshot_20260331T213906Z.csv,1774993146362
2026-04-01T05:15:02.137409+00:00,BTC,deribit_options_snapshot_20260401T051502Z.csv,1775020502137
2026-04-01T05:15:02.137409+00:00,ETH,deribit_options_snapshot_20260401T051502Z.csv,1775020502137
2026-04-01T10:01:01.954935+00:00,BTC,deribit_options_snapshot_20260401T100101Z.csv,1775037661954
2026-04-01T10:01:01.954935+00:00,ETH,deribit_options_snapshot_20260401T100101Z.csv,1775037661954
2026-04-01T16:10:23.523796+00:00,BTC,deribit_options_snapshot_20260401T161023Z.csv,1775059823523
2026-04-01T16:10:23.523796+00:00,ETH,deribit_options_snapshot_20260401T161023Z.csv,1775059823523
2026-04-01T21:41:21.772646+00:00,BTC,deribit_options_snapshot_20260401T214121Z.csv,1775079681772
2026-04-01T21:41:21.772646+00:00,ETH,deribit_options_snapshot_20260401T214121Z.csv,1775079681772
2026-04-02T04:55:12.585058+00:00,BTC,deribit_options_snapshot_20260402T045512Z.csv,1775105712585
2026-04-02T04:55:12.585058+00:00,ETH,deribit_options_snapshot_20260402T045512Z.csv,1775105712585
2026-04-02T09:53:28.822483+00:00,BTC,deribit_options_snapshot_20260402T095328Z.csv,1775123608822
2026-04-02T09:53:28.822483+00:00,ETH,deribit_options_snapshot_20260402T095328Z.csv,1775123608822
2026-04-02T16:06:23.604861+00:00,BTC,deribit_options_snapshot_20260402T160623Z.csv,1775145983604
2026-04-02T16:06:23.604861+00:00,ETH,deribit_options_snapshot_20260402T160623Z.csv,1775145983604
2026-04-02T21:38:12.770796+00:00,BTC,deribit_options_snapshot_20260402T213812Z.csv,1775165892770
2026-04-02T21:38:12.770796+00:00,ETH,deribit_options_snapshot_20260402T213812Z.csv,1775165892770
2026-04-03T04:57:08.970841+00:00,BTC,deribit_options_snapshot_20260403T045708Z.csv,1775192228970
2026-04-03T04:57:08.970841+00:00,ETH,deribit_options_snapshot_20260403T045708Z.csv,1775192228970
2026-04-03T09:45:57.070438+00:00,BTC,deribit_options_snapshot_20260403T094557Z.csv,1775209557070
2026-04-03T09:45:57.070438+00:00,ETH,deribit_options_snapshot_20260403T094557Z.csv,1775209557070
2026-04-03T15:47:16.822585+00:00,BTC,deribit_options_snapshot_20260403T154716Z.csv,1775231236822
2026-04-03T15:47:16.822585+00:00,ETH,deribit_options_snapshot_20260403T154716Z.csv,1775231236822
2026-04-03T21:33:46.755678+00:00,BTC,deribit_options_snapshot_20260403T213346Z.csv,1775252026755
2026-04-03T21:33:46.755678+00:00,ETH,deribit_options_snapshot_20260403T213346Z.csv,1775252026755
2026-04-04T04:43:04.171087+00:00,BTC,deribit_options_snapshot_20260404T044304Z.csv,1775277784171
2026-04-04T04:43:04.171087+00:00,ETH,deribit_options_snapshot_20260404T044304Z.csv,1775277784171
2026-04-04T09:30:13.592818+00:00,BTC,deribit_options_snapshot_20260404T093013Z.csv,1775295013592
2026-04-04T09:30:13.592818+00:00,ETH,deribit_options_snapshot_20260404T093013Z.csv,1775295013592
2026-04-04T15:40:27.812432+00:00,BTC,deribit_options_snapshot_20260404T154027Z.csv,1775317227812
2026-04-04T15:40:27.812432+00:00,ETH,deribit_options_snapshot_20260404T154027Z.csv,1775317227812
2026-04-04T21:31:44.070185+00:00,BTC,deribit_options_snapshot_20260404T213144Z.csv,1775338304070
2026-04-04T21:31:44.070185+00:00,ETH,deribit_options_snapshot_20260404T213144Z.csv,1775338304070
2026-04-05T05:04:14.410005+00:00,BTC,deribit_options_snapshot_20260405T050414Z.csv,1775365454410
2026-04-05T05:04:14.410005+00:00,ETH,deribit_options_snapshot_20260405T050414Z.csv,1775365454410
2026-04-05T09:32:24.959530+00:00,BTC,deribit_options_snapshot_20260405T093224Z.csv,1775381544959
2026-04-05T09:32:24.959530+00:00,ETH,deribit_options_snapshot_20260405T093224Z.csv,1775381544959
2026-04-05T15:41:09.985665+00:00,BTC,deribit_options_snapshot_20260405T154109Z.csv,1775403669985
2026-04-05T15:41:09.985665+00:00,ETH,deribit_options_snapshot_20260405T154109Z.csv,1775403669985
2026-04-05T21:32:07.450778+00:00,BTC,deribit_options_snapshot_20260405T213207Z.csv,1775424727450
2026-04-05T21:32:07.450778+00:00,ETH,deribit_options_snapshot_20260405T213207Z.csv,1775424727450
2026-04-06T05:13:57.176930+00:00,BTC,deribit_options_snapshot_20260406T051357Z.csv,1775452437176
2026-04-06T05:13:57.176930+00:00,ETH,deribit_options_snapshot_20260406T051357Z.csv,1775452437176
2026-04-06T10:02:37.360048+00:00,BTC,deribit_options_snapshot_20260406T100237Z.csv,1775469757360
2026-04-06T10:02:37.360048+00:00,ETH,deribit_options_snapshot_20260406T100237Z.csv,1775469757360
2026-04-06T15:56:27.292983+00:00,BTC,deribit_options_snapshot_20260406T155627Z.csv,1775490987292
2026-04-06T15:56:27.292983+00:00,ETH,deribit_options_snapshot_20260406T155627Z.csv,1775490987292
2026-04-06T21:37:51.687952+00:00,BTC,deribit_options_snapshot_20260406T213751Z.csv,1775511471687
2026-04-06T21:37:51.687952+00:00,ETH,deribit_options_snapshot_20260406T213751Z.csv,1775511471687
2026-04-07T05:01:39.326749+00:00,BTC,deribit_options_snapshot_20260407T050139Z.csv,1775538099326
2026-04-07T05:01:39.326749+00:00,ETH,deribit_options_snapshot_20260407T050139Z.csv,1775538099326
2026-04-07T10:01:28.853149+00:00,BTC,deribit_options_snapshot_20260407T100128Z.csv,1775556088853
2026-04-07T10:01:28.853149+00:00,ETH,deribit_options_snapshot_20260407T100128Z.csv,1775556088853
2026-04-07T16:14:40.520614+00:00,BTC,deribit_options_snapshot_20260407T161440Z.csv,1775578480520
2026-04-07T16:14:40.520614+00:00,ETH,deribit_options_snapshot_20260407T161440Z.csv,1775578480520
2026-04-07T21:41:50.831383+00:00,BTC,deribit_options_snapshot_20260407T214150Z.csv,1775598110831
2026-04-07T21:41:50.831383+00:00,ETH,deribit_options_snapshot_20260407T214150Z.csv,1775598110831
2026-04-08T05:03:27.669537+00:00,BTC,deribit_options_snapshot_20260408T050327Z.csv,1775624607669
2026-04-08T05:03:27.669537+00:00,ETH,deribit_options_snapshot_20260408T050327Z.csv,1775624607669
2026-04-08T10:01:19.022540+00:00,BTC,deribit_options_snapshot_20260408T100119Z.csv,1775642479022
2026-04-08T10:01:19.022540+00:00,ETH,deribit_options_snapshot_20260408T100119Z.csv,1775642479022
2026-04-08T16:19:21.210460+00:00,BTC,deribit_options_snapshot_20260408T161921Z.csv,1775665161210
2026-04-08T16:19:21.210460+00:00,ETH,deribit_options_snapshot_20260408T161921Z.csv,1775665161210
2026-04-08T21:41:02.874639+00:00,BTC,deribit_options_snapshot_20260408T214102Z.csv,1775684462874
2026-04-08T21:41:02.874639+00:00,ETH,deribit_options_snapshot_20260408T214102Z.csv,1775684462874
2026-04-09T05:01:09.929621+00:00,BTC,deribit_options_snapshot_20260409T050109Z.csv,1775710869929
2026-04-09T05:01:09.929621+00:00,ETH,deribit_options_snapshot_20260409T050109Z.csv,1775710869929
2026-04-09T10:06:09.511621+00:00,BTC,deribit_options_snapshot_20260409T100609Z.csv,1775729169511
2026-04-09T10:06:09.511621+00:00,ETH,deribit_options_snapshot_20260409T100609Z.csv,1775729169511
2026-04-09T16:22:49.973641+00:00,BTC,deribit_options_snapshot_20260409T162249Z.csv,1775751769973
2026-04-09T16:22:49.973641+00:00,ETH,deribit_options_snapshot_20260409T162249Z.csv,1775751769973
2026-04-09T21:45:34.408517+00:00,BTC,deribit_options_snapshot_20260409T214534Z.csv,1775771134408
2026-04-09T21:45:34.408517+00:00,ETH,deribit_options_snapshot_20260409T214534Z.csv,1775771134408
2026-04-10T05:15:07.410700+00:00,BTC,deribit_options_snapshot_20260410T051507Z.csv,1775798107410
2026-04-10T05:15:07.410700+00:00,ETH,deribit_options_snapshot_20260410T051507Z.csv,1775798107410
2026-04-10T10:02:34.993508+00:00,BTC,deribit_options_snapshot_20260410T100234Z.csv,1775815354993
2026-04-10T10:02:34.993508+00:00,ETH,deribit_options_snapshot_20260410T100234Z.csv,1775815354993
2026-04-10T16:01:26.956567+00:00,BTC,deribit_options_snapshot_20260410T160126Z.csv,1775836886956
2026-04-10T16:01:26.956567+00:00,ETH,deribit_options_snapshot_20260410T160126Z.csv,1775836886956
2026-04-10T21:37:34.185203+00:00,BTC,deribit_options_snapshot_20260410T213734Z.csv,1775857054185
2026-04-10T21:37:34.185203+00:00,ETH,deribit_options_snapshot_20260410T213734Z.csv,1775857054185
2026-04-11T04:47:52.281250+00:00,BTC,deribit_options_snapshot_20260411T044752Z.csv,1775882872281
2026-04-11T04:47:52.281250+00:00,ETH,deribit_options_snapshot_20260411T044752Z.csv,1775882872281
2026-04-11T09:33:19.606664+00:00,BTC,deribit_options_snapshot_20260411T093319Z.csv,1775899999606
2026-04-11T09:33:19.606664+00:00,ETH,deribit_options_snapshot_20260411T093319Z.csv,1775899999606
2026-04-11T15:41:37.835428+00:00,BTC,deribit_options_snapshot_20260411T154137Z.csv,1775922097835
2026-04-11T15:41:37.835428+00:00,ETH,deribit_options_snapshot_20260411T154137Z.csv,1775922097835
2026-04-11T21:32:55.963135+00:00,BTC,deribit_options_snapshot_20260411T213255Z.csv,1775943175963
2026-04-11T21:32:55.963135+00:00,ETH,deribit_options_snapshot_20260411T213255Z.csv,1775943175963
2026-04-12T05:13:51.808418+00:00,BTC,deribit_options_snapshot_20260412T051351Z.csv,1775970831808
2026-04-12T05:13:51.808418+00:00,ETH,deribit_options_snapshot_20260412T051351Z.csv,1775970831808
2026-04-12T09:39:06.033282+00:00,BTC,deribit_options_snapshot_20260412T093906Z.csv,1775986746033
2026-04-12T09:39:06.033282+00:00,ETH,deribit_options_snapshot_20260412T093906Z.csv,1775986746033
2026-04-12T15:44:42.587833+00:00,BTC,deribit_options_snapshot_20260412T154442Z.csv,1776008682587
2026-04-12T15:44:42.587833+00:00,ETH,deribit_options_snapshot_20260412T154442Z.csv,1776008682587
2026-04-12T21:35:09.241781+00:00,BTC,deribit_options_snapshot_20260412T213509Z.csv,1776029709241
2026-04-12T21:35:09.241781+00:00,ETH,deribit_options_snapshot_20260412T213509Z.csv,1776029709241
2026-04-13T05:31:32.918885+00:00,BTC,deribit_options_snapshot_20260413T053132Z.csv,1776058292918
2026-04-13T05:31:32.918885+00:00,ETH,deribit_options_snapshot_20260413T053132Z.csv,1776058292918
2026-04-13T10:27:34.877388+00:00,BTC,deribit_options_snapshot_20260413T102734Z.csv,1776076054877
2026-04-13T10:27:34.877388+00:00,ETH,deribit_options_snapshot_20260413T102734Z.csv,1776076054877
2026-04-13T16:15:01.375630+00:00,BTC,deribit_options_snapshot_20260413T161501Z.csv,1776096901375
2026-04-13T16:15:01.375630+00:00,ETH,deribit_options_snapshot_20260413T161501Z.csv,1776096901375
2026-04-13T16:51:28.413024+00:00,BTC,deribit_options_snapshot_20260413T165128Z.csv,1776099088413
2026-04-13T16:51:28.413024+00:00,ETH,deribit_options_snapshot_20260413T165128Z.csv,1776099088413
2026-04-13T19:46:54.754036+00:00,BTC,deribit_options_snapshot_20260413T194654Z.csv,1776109614754
2026-04-13T19:46:54.754036+00:00,ETH,deribit_options_snapshot_20260413T194654Z.csv,1776109614754
2026-04-13T21:57:15.245597+00:00,BTC,deribit_options_snapshot_20260413T215715Z.csv,1776117435245
2026-04-13T21:57:15.245597+00:00,ETH,deribit_options_snapshot_20260413T215715Z.csv,1776117435245
2026-04-14T05:31:26.702890+00:00,BTC,deribit_options_snapshot_20260414T053126Z.csv,1776144686702
2026-04-14T05:31:26.702890+00:00,ETH,deribit_options_snapshot_20260414T053126Z.csv,1776144686702
2026-04-14T10:24:10.880950+00:00,BTC,deribit_options_snapshot_20260414T102410Z.csv,1776162250880
2026-04-14T10:24:10.880950+00:00,ETH,deribit_options_snapshot_20260414T102410Z.csv,1776162250880
